"region1","year","co2","pop","gdp","gdp_per_capita","co2_per_capita","accumulated_co2"
"Africa",1750,0,0,0,NA,NA,0
"Africa",1751,0,0,0,NA,NA,0
"Africa",1752,0,0,0,NA,NA,0
"Africa",1753,0,0,0,NA,NA,0
"Africa",1754,0,0,0,NA,NA,0
"Africa",1755,0,0,0,NA,NA,0
"Africa",1756,0,0,0,NA,NA,0
"Africa",1757,0,0,0,NA,NA,0
"Africa",1758,0,0,0,NA,NA,0
"Africa",1759,0,0,0,NA,NA,0
"Africa",1760,0,0,0,NA,NA,0
"Africa",1761,0,0,0,NA,NA,0
"Africa",1762,0,0,0,NA,NA,0
"Africa",1763,0,0,0,NA,NA,0
"Africa",1764,0,0,0,NA,NA,0
"Africa",1765,0,0,0,NA,NA,0
"Africa",1766,0,0,0,NA,NA,0
"Africa",1767,0,0,0,NA,NA,0
"Africa",1768,0,0,0,NA,NA,0
"Africa",1769,0,0,0,NA,NA,0
"Africa",1770,0,0,0,NA,NA,0
"Africa",1771,0,0,0,NA,NA,0
"Africa",1772,0,0,0,NA,NA,0
"Africa",1773,0,0,0,NA,NA,0
"Africa",1774,0,0,0,NA,NA,0
"Africa",1775,0,0,0,NA,NA,0
"Africa",1776,0,0,0,NA,NA,0
"Africa",1777,0,0,0,NA,NA,0
"Africa",1778,0,0,0,NA,NA,0
"Africa",1779,0,0,0,NA,NA,0
"Africa",1780,0,0,0,NA,NA,0
"Africa",1781,0,0,0,NA,NA,0
"Africa",1782,0,0,0,NA,NA,0
"Africa",1783,0,0,0,NA,NA,0
"Africa",1784,0,0,0,NA,NA,0
"Africa",1785,0,0,0,NA,NA,0
"Africa",1786,0,0,0,NA,NA,0
"Africa",1787,0,0,0,NA,NA,0
"Africa",1788,0,0,0,NA,NA,0
"Africa",1789,0,0,0,NA,NA,0
"Africa",1790,0,0,0,NA,NA,0
"Africa",1791,0,0,0,NA,NA,0
"Africa",1792,0,0,0,NA,NA,0
"Africa",1793,0,0,0,NA,NA,0
"Africa",1794,0,0,0,NA,NA,0
"Africa",1795,0,0,0,NA,NA,0
"Africa",1796,0,0,0,NA,NA,0
"Africa",1797,0,0,0,NA,NA,0
"Africa",1798,0,0,0,NA,NA,0
"Africa",1799,0,0,0,NA,NA,0
"Africa",1800,0,0,0,NA,NA,0
"Africa",1801,0,0,0,NA,NA,0
"Africa",1802,0,0,0,NA,NA,0
"Africa",1803,0,0,0,NA,NA,0
"Africa",1804,0,0,0,NA,NA,0
"Africa",1805,0,0,0,NA,NA,0
"Africa",1806,0,0,0,NA,NA,0
"Africa",1807,0,0,0,NA,NA,0
"Africa",1808,0,0,0,NA,NA,0
"Africa",1809,0,0,0,NA,NA,0
"Africa",1810,0,0,0,NA,NA,0
"Africa",1811,0,0,0,NA,NA,0
"Africa",1812,0,0,0,NA,NA,0
"Africa",1813,0,0,0,NA,NA,0
"Africa",1814,0,0,0,NA,NA,0
"Africa",1815,0,0,0,NA,NA,0
"Africa",1816,0,0,0,NA,NA,0
"Africa",1817,0,0,0,NA,NA,0
"Africa",1818,0,0,0,NA,NA,0
"Africa",1819,0,0,0,NA,NA,0
"Africa",1820,0,0,0,NA,NA,0
"Africa",1821,0,0,0,NA,NA,0
"Africa",1822,0,0,0,NA,NA,0
"Africa",1823,0,0,0,NA,NA,0
"Africa",1824,0,0,0,NA,NA,0
"Africa",1825,0,0,0,NA,NA,0
"Africa",1826,0,0,0,NA,NA,0
"Africa",1827,0,0,0,NA,NA,0
"Africa",1828,0,0,0,NA,NA,0
"Africa",1829,0,0,0,NA,NA,0
"Africa",1830,0,0,0,NA,NA,0
"Africa",1831,0,0,0,NA,NA,0
"Africa",1832,0,0,0,NA,NA,0
"Africa",1833,0,0,0,NA,NA,0
"Africa",1834,0,0,0,NA,NA,0
"Africa",1835,0,0,0,NA,NA,0
"Africa",1836,0,0,0,NA,NA,0
"Africa",1837,0,0,0,NA,NA,0
"Africa",1838,0,0,0,NA,NA,0
"Africa",1839,0,0,0,NA,NA,0
"Africa",1840,0,0,0,NA,NA,0
"Africa",1841,0,0,0,NA,NA,0
"Africa",1842,0,0,0,NA,NA,0
"Africa",1843,0,0,0,NA,NA,0
"Africa",1844,0,0,0,NA,NA,0
"Africa",1845,0,0,0,NA,NA,0
"Africa",1846,0,0,0,NA,NA,0
"Africa",1847,0,0,0,NA,NA,0
"Africa",1848,0,0,0,NA,NA,0
"Africa",1849,0,0,0,NA,NA,0
"Africa",1850,0,0,0,NA,NA,0
"Africa",1851,0,0,0,NA,NA,0
"Africa",1852,0,0,0,NA,NA,0
"Africa",1853,0,0,0,NA,NA,0
"Africa",1854,0,0,0,NA,NA,0
"Africa",1855,0,0,0,NA,NA,0
"Africa",1856,0,0,0,NA,NA,0
"Africa",1857,0,0,0,NA,NA,0
"Africa",1858,0,0,0,NA,NA,0
"Africa",1859,0,0,0,NA,NA,0
"Africa",1860,0,0,0,NA,NA,0
"Africa",1861,0,0,0,NA,NA,0
"Africa",1862,0,0,0,NA,NA,0
"Africa",1863,0,0,0,NA,NA,0
"Africa",1864,0,0,0,NA,NA,0
"Africa",1865,0,0,0,NA,NA,0
"Africa",1866,0,0,0,NA,NA,0
"Africa",1867,0,0,0,NA,NA,0
"Africa",1868,0,0,0,NA,NA,0
"Africa",1869,0,0,0,NA,NA,0
"Africa",1870,0,0,0,NA,NA,0
"Africa",1871,0,0,0,NA,NA,0
"Africa",1872,0,0,0,NA,NA,0
"Africa",1873,0,0,0,NA,NA,0
"Africa",1874,0,0,0,NA,NA,0
"Africa",1875,0,0,0,NA,NA,0
"Africa",1876,0,0,0,NA,NA,0
"Africa",1877,0,0,0,NA,NA,0
"Africa",1878,0,0,0,NA,NA,0
"Africa",1879,0,0,0,NA,NA,0
"Africa",1880,0,0,0,NA,NA,0
"Africa",1881,0,0,0,NA,NA,0
"Africa",1882,0,0,0,NA,NA,0
"Africa",1883,0,0,0,NA,NA,0
"Africa",1884,0,0,0,NA,NA,0
"Africa",1885,0,0,0,NA,NA,0
"Africa",1886,0,0,0,NA,NA,0
"Africa",1887,0,0,0,NA,NA,0
"Africa",1888,0,0,0,NA,NA,0
"Africa",1889,0,0,0,NA,NA,0
"Africa",1890,0,0,0,NA,NA,0
"Africa",1891,0,0,0,NA,NA,0
"Africa",1892,0,0,0,NA,NA,0
"Africa",1893,0,0,0,NA,NA,0
"Africa",1894,0,0,0,NA,NA,0
"Africa",1895,0,0,0,NA,NA,0
"Africa",1896,0,0,0,NA,NA,0
"Africa",1897,0,0,0,NA,NA,0
"Africa",1898,0,0,0,NA,NA,0
"Africa",1899,0,0,0,NA,NA,0
"Africa",1900,0,0,0,NA,NA,0
"Africa",1901,0,0,0,NA,NA,0
"Africa",1902,0,0,0,NA,NA,0
"Africa",1903,0,0,0,NA,NA,0
"Africa",1904,0,0,0,NA,NA,0
"Africa",1905,0,0,0,NA,NA,0
"Africa",1906,0,0,0,NA,NA,0
"Africa",1907,0,0,0,NA,NA,0
"Africa",1908,0,0,0,NA,NA,0
"Africa",1909,0,0,0,NA,NA,0
"Africa",1910,0,0,0,NA,NA,0
"Africa",1911,0,0,0,NA,NA,0
"Africa",1912,0,0,0,NA,NA,0
"Africa",1913,0,0,0,NA,NA,0
"Africa",1914,0,0,0,NA,NA,0
"Africa",1915,0,0,0,NA,NA,0
"Africa",1916,0,0,0,NA,NA,0
"Africa",1917,0,0,0,NA,NA,0
"Africa",1918,0,0,0,NA,NA,0
"Africa",1919,0,0,0,NA,NA,0
"Africa",1920,0,0,0,NA,NA,0
"Africa",1921,0,0,0,NA,NA,0
"Africa",1922,0,0,0,NA,NA,0
"Africa",1923,0,0,0,NA,NA,0
"Africa",1924,0,0,0,NA,NA,0
"Africa",1925,0,0,0,NA,NA,0
"Africa",1926,0,0,0,NA,NA,0
"Africa",1927,0,0,0,NA,NA,0
"Africa",1928,0,0,0,NA,NA,0
"Africa",1929,0,0,0,NA,NA,0
"Africa",1930,0,0,0,NA,NA,0
"Africa",1931,0,0,0,NA,NA,0
"Africa",1932,0,0,0,NA,NA,0
"Africa",1933,0,0,0,NA,NA,0
"Africa",1934,0,0,0,NA,NA,0
"Africa",1935,0,0,0,NA,NA,0
"Africa",1936,0,0,0,NA,NA,0
"Africa",1937,0,0,0,NA,NA,0
"Africa",1938,0,0,0,NA,NA,0
"Africa",1939,0,0,0,NA,NA,0
"Africa",1940,0,0,0,NA,NA,0
"Africa",1941,0,0,0,NA,NA,0
"Africa",1942,0,0,0,NA,NA,0
"Africa",1943,0,0,0,NA,NA,0
"Africa",1944,0,0,0,NA,NA,0
"Africa",1945,0,0,0,NA,NA,0
"Africa",1946,0,0,0,NA,NA,0
"Africa",1947,0,0,0,NA,NA,0
"Africa",1948,0,0,0,NA,NA,0
"Africa",1949,0,0,0,NA,NA,0
"Africa",1950,94770.936,215955335.304983,309615.739683549,1433.70266470284,0.438845078155443,94770.936
"Africa",1951,101013.867,220564853.537648,324185.125063503,1469.79502791984,0.457978074837559,195784.803
"Africa",1952,110210.757,225312305.536006,336539.13517958,1493.65625805023,0.489146639096407,305995.56
"Africa",1953,111886.448,230192321.631427,348872.472738553,1515.56954752449,0.486056386273159,417882.008
"Africa",1954,117416.798,235292364.600814,365561.813530739,1553.64928288657,0.499025109459901,535298.806
"Africa",1955,129255.671,240700030.606497,377986.23213004,1570.36221049752,0.536998980325477,664554.477
"Africa",1956,134958.206,246286656.031136,393056.856905681,1595.9324116041,0.547972058960994,799512.683
"Africa",1957,141420.053,252034928.676872,407520.780799998,1616.92184071229,0.561112912969739,940932.736
"Africa",1958,148475.572,257987831.283845,416525.023003353,1614.51422313435,0.575513857615414,1089408.308
"Africa",1959,147635.811,269845336.731038,444164.06892134,1645.99497735272,0.54711270088448,1237044.119
"Africa",1960,156336.724,276359680.933578,463422.899326644,1676.88317543696,0.565700189954897,1393380.843
"Africa",1961,161787.39,282854740.738476,473105.468609335,1672.60929540779,0.571980478664088,1555168.233
"Africa",1962,166105.048,289479343.52012,490530.222611138,1694.52582227872,0.573806220437469,1721273.281
"Africa",1963,176092.515,296830236.759369,525118.762350684,1769.08783984962,0.593243184799777,1897365.796
"Africa",1964,193349.05,304735324.51645,552920.678199748,1814.429223383,0.63448190755963,2090714.846
"Africa",1965,213300.472,312559120.228607,582372.75572714,1863.24032170679,0.682432404608739,2304015.318
"Africa",1966,220722.853,320678335.647739,597490.866856129,1863.20932983906,0.688299858342976,2524738.171
"Africa",1967,236552.83,329129330.660039,608462.348419616,1848.70290107357,0.718723030626335,2761291.001
"Africa",1968,256855.401,337784436.4449,636752.346406635,1885.08491719838,0.760412183886686,3018146.402
"Africa",1969,277207.168,346653233.872679,687500.192702252,1983.25048066553,0.799667047392422,3295353.57
"Africa",1970,301785.699,355307639.650344,745012.240210234,2096.80895390652,0.849364509293932,3597139.269
"Africa",1971,331011.298,364617058.17749,780501.537322128,2140.60620537998,0.907832726352778,3928150.567
"Africa",1972,351005.824,374674530.094227,813584.14019756,2171.44234488784,0.936828622729506,4279156.391
"Africa",1973,377105.686,384586558.780061,844580.220385354,2196.07316247461,0.98054827291991,4656262.077
"Africa",1974,387380.472,394677758.532123,890878.975297704,2257.23126281816,0.981510773347698,5043642.549
"Africa",1975,386162.399,404868678.186689,898607.236204163,2219.50297619666,0.953796674836714,5429804.948
"Africa",1976,419122.229,415871877.637871,958581.508490489,2304.99237874698,1.00781575176612,5848927.177
"Africa",1977,431803.327,427474960.608896,997719.081156269,2333.98250913952,1.01012542672661,6280730.504
"Africa",1978,461495.46,439269167.673458,1023293.38847098,2329.53611083323,1.05059834370862,6742225.964
"Africa",1979,498202.244,451373968.974006,1071556.78178126,2373.98887715425,1.10374606921271,7240428.208
"Africa",1980,534480.347,463936120.495283,1119490.73337979,2413.02775085642,1.15205590465646,7774908.555
"Africa",1981,547897.117,478213567.090427,1131151.42017009,2365.368734836,1.14571638009675,8322805.672
"Africa",1982,570628.731,492885764.304007,1167570.55458984,2368.84616912915,1.15773019292974,8893434.403
"Africa",1983,593248.084,507925320.78305,1176187.22527707,2315.66960171189,1.16798288985753,9486682.487
"Africa",1984,648281.323,522555265.71198,1203290.59256616,2302.7049415083,1.2405985845664,10134963.81
"Africa",1985,664441.867,537209920.884958,1245856.98965166,2319.1250593424,1.23683841487039,10799405.677
"Africa",1986,688395.647,552130604.625584,1272758.19768279,2305.17596202784,1.24679856764474,11487801.324
"Africa",1987,688407.643,567194861.924618,1289541.42853354,2273.54215473293,1.21370571070422,12176208.967
"Africa",1988,723258.828,582648036.188637,1345523.47110425,2309.32464804297,1.2413305856674,12899467.795
"Africa",1989,696510.706,598617815.677071,1388395.93247177,2319.33613753445,1.16353153507836,13595978.501
"Africa",1990,657058.019,616881734.113872,1410060.68917655,2285.78771456421,1.06512801832889,14253036.52
"Africa",1991,686711.47,636299002,1461629.30054824,2297.07935413082,1.07922763958696,14939747.99
"Africa",1992,665864.659,653731629,1488623.36140994,2277.11693204604,1.01855964965097,15605612.649
"Africa",1993,705774.245,670493125,1527800.47195972,2278.6221289886,1.05261965959755,16311386.894
"Africa",1994,788563.646,686035502,1593712.90746663,2323.07643382956,1.14945020148535,17099950.54
"Africa",1995,842781.32,703214458,1672395.45325998,2378.21539963272,1.19846984147189,17942731.86
"Africa",1996,870468.764,720675359,1797136.99965746,2493.68453800217,1.20785143147929,18813200.624
"Africa",1997,892185.008,738161243,1896466.7555493,2569.17682082816,1.20865869951939,19705385.632
"Africa",1998,910949.386,755964020,1999572.40798907,2645.06293300715,1.20501685516726,20616335.018
"Africa",1999,898140.825,774688536,2098195.5119721,2708.43753904743,1.15935732008819,21514475.843
"Africa",2000,928491.033,793741490,2222194.79039085,2799.64549968385,1.16976502387446,22442966.876
"Africa",2001,917878.16,813453257,2371673.39709065,2915.56199041766,1.12837234604618,23360845.036
"Africa",2002,897431.326,833864905,2536587.67525413,3041.96478355703,1.07623107846228,24258276.362
"Africa",2003,986530.046,854712910,2714471.01700871,3175.88629497677,1.15422387383853,25244806.408
"Africa",2004,1042574.114,876073617,2920223.19429553,3333.30799790028,1.19005308888328,26287380.522
"Africa",2005,1060923.817,898047996,3151227.31856129,3508.97427820917,1.18136649903509,27348304.339
"Africa",2006,1090042.958,920939434,3407048.64961166,3699.53606483492,1.18362067879482,28438347.297
"Africa",2007,1120365.633,944872519,3706946.99948917,3923.22448261316,1.18573205429419,29558712.93
"Africa",2008,1173359.231,969596097,4009854.68855671,4135.59285249135,1.21015259305443,30732072.161
"Africa",2009,1170767.157,995286825,4250039.11934514,4270.16515499956,1.17631131809667,31902839.318
"Africa",2010,1212940.223,1021708109,4607345.4311906,4509.45371834237,1.18716902833155,33115779.541
"Africa",2011,1252601.644,1048513494,4754031.971855,4534.06846841687,1.19464522981142,34368381.185
"Africa",2012,1253320.953,1076066815,4995299.02533617,4642.18295342206,1.16472410033386,35621702.138
"Africa",2013,1262815.192,1104753999,5174526.42229644,4683.87209005834,1.14307365544101,36884517.33
"Africa",2014,1342184.472,1134360688,5385441.42803156,4747.55647388193,1.18320785108167,38226701.802
"Africa",2015,1316678.964,1164394289,5566600.22579575,4780.68320875778,1.13078445715393,39543380.766
"Africa",2016,1352579.851,1194898211,5674995.28276032,4749.35457306523,1.13196240361598,40895960.617
"Africa",2017,1367049.337,1226304238,5858642.87200162,4777.47910384505,1.11477176269858,42263009.954
"Africa",2018,1354066.615,1257839796,6054158.96452603,4813.13994340026,1.07650164934041,43617076.569
"Africa",2019,1454486.994,1289423851.09664,6230549.98164274,4832.0418273198,1.12801309884487,45071563.563
"Africa",2020,1353519.731,1321476726.38022,6081379.08220712,4601.95700825181,1.02424787662175,46425083.294
"Africa",2021,1431895.625,1353511941.65301,6412753.07869471,4737.8622096699,1.05791133490205,47856978.919
"Africa",2022,1413512.011,1385548399.40035,6625805.68044316,4782.08172540976,1.02018234196059,49270490.93
"Developed",1750,0,0,0,4748.93870095722,1.01396027075176,0
"Developed",1751,0,0,0,4715.79567650468,1.00773819954292,0
"Developed",1752,0,0,0,4682.65265205215,1.00151612833409,0
"Developed",1753,0,0,0,4649.50962759961,0.995294057125251,0
"Developed",1754,0,0,0,4616.36660314708,0.989071985916416,0
"Developed",1755,0,0,0,4583.22357869454,0.982849914707581,0
"Developed",1756,0,0,0,4550.08055424201,0.976627843498746,0
"Developed",1757,0,0,0,4516.93752978947,0.970405772289911,0
"Developed",1758,0,0,0,4483.79450533693,0.964183701081076,0
"Developed",1759,0,0,0,4450.6514808844,0.95796162987224,0
"Developed",1760,0,0,0,4417.50845643186,0.951739558663405,0
"Developed",1761,0,0,0,4384.36543197933,0.94551748745457,0
"Developed",1762,0,0,0,4351.22240752679,0.939295416245735,0
"Developed",1763,0,0,0,4318.07938307426,0.9330733450369,0
"Developed",1764,0,0,0,4284.93635862172,0.926851273828065,0
"Developed",1765,0,0,0,4251.79333416919,0.92062920261923,0
"Developed",1766,0,0,0,4218.65030971665,0.914407131410395,0
"Developed",1767,0,0,0,4185.50728526412,0.90818506020156,0
"Developed",1768,0,0,0,4152.36426081158,0.901962988992725,0
"Developed",1769,0,0,0,4119.22123635904,0.89574091778389,0
"Developed",1770,0,0,0,4086.07821190651,0.889518846575055,0
"Developed",1771,0,0,0,4052.93518745397,0.88329677536622,0
"Developed",1772,0,0,0,4019.79216300144,0.877074704157385,0
"Developed",1773,0,0,0,3986.6491385489,0.87085263294855,0
"Developed",1774,0,0,0,3953.50611409637,0.864630561739715,0
"Developed",1775,0,0,0,3920.36308964383,0.858408490530879,0
"Developed",1776,0,0,0,3887.2200651913,0.852186419322044,0
"Developed",1777,0,0,0,3854.07704073876,0.845964348113209,0
"Developed",1778,0,0,0,3820.93401628622,0.839742276904374,0
"Developed",1779,0,0,0,3787.79099183369,0.833520205695539,0
"Developed",1780,0,0,0,3754.64796738115,0.827298134486704,0
"Developed",1781,0,0,0,3721.50494292862,0.821076063277869,0
"Developed",1782,0,0,0,3688.36191847608,0.814853992069034,0
"Developed",1783,0,0,0,3655.21889402355,0.808631920860199,0
"Developed",1784,0,0,0,3622.07586957101,0.802409849651364,0
"Developed",1785,0,0,0,3588.93284511847,0.796187778442529,0
"Developed",1786,0,0,0,3555.78982066594,0.789965707233694,0
"Developed",1787,0,0,0,3522.6467962134,0.783743636024859,0
"Developed",1788,0,0,0,3489.50377176087,0.777521564816024,0
"Developed",1789,0,0,0,3456.36074730833,0.771299493607189,0
"Developed",1790,0,0,0,3423.2177228558,0.765077422398354,0
"Developed",1791,0,0,0,3390.07469840326,0.758855351189518,0
"Developed",1792,0,0,0,3356.93167395073,0.752633279980683,0
"Developed",1793,0,0,0,3323.78864949819,0.746411208771848,0
"Developed",1794,0,0,0,3290.64562504565,0.740189137563013,0
"Developed",1795,0,0,0,3257.50260059312,0.733967066354178,0
"Developed",1796,0,0,0,3224.35957614058,0.727744995145343,0
"Developed",1797,0,0,0,3191.21655168805,0.721522923936508,0
"Developed",1798,0,0,0,3158.07352723551,0.715300852727673,0
"Developed",1799,0,0,0,3124.93050278298,0.709078781518838,0
"Developed",1800,0,0,0,3091.78747833044,0.702856710310003,0
"Developed",1801,0,0,0,3058.6444538779,0.696634639101168,0
"Developed",1802,0,0,0,3025.50142942537,0.690412567892333,0
"Developed",1803,0,0,0,2992.35840497283,0.684190496683498,0
"Developed",1804,0,0,0,2959.2153805203,0.677968425474663,0
"Developed",1805,0,0,0,2926.07235606776,0.671746354265828,0
"Developed",1806,0,0,0,2892.92933161523,0.665524283056993,0
"Developed",1807,0,0,0,2859.78630716269,0.659302211848157,0
"Developed",1808,0,0,0,2826.64328271016,0.653080140639322,0
"Developed",1809,0,0,0,2793.50025825762,0.646858069430487,0
"Developed",1810,0,0,0,2760.35723380509,0.640635998221652,0
"Developed",1811,0,0,0,2727.21420935255,0.634413927012817,0
"Developed",1812,0,0,0,2694.07118490001,0.628191855803982,0
"Developed",1813,0,0,0,2660.92816044748,0.621969784595147,0
"Developed",1814,0,0,0,2627.78513599494,0.615747713386312,0
"Developed",1815,0,0,0,2594.64211154241,0.609525642177477,0
"Developed",1816,0,0,0,2561.49908708987,0.603303570968642,0
"Developed",1817,0,0,0,2528.35606263734,0.597081499759807,0
"Developed",1818,0,0,0,2495.2130381848,0.590859428550972,0
"Developed",1819,0,0,0,2462.07001373227,0.584637357342137,0
"Developed",1820,0,0,0,2428.92698927973,0.578415286133302,0
"Developed",1821,50868.549,88901000,212987.590257102,2395.78396482719,0.572193214924467,50868.549
"Developed",1822,52742.977,90092000,214124.55915995,2376.73221995238,0.58543463348577,103611.526
"Developed",1823,54785.907,91271000,219192.736500002,2401.55949315776,0.600255360410207,158397.433
"Developed",1824,55905.525,92450000,230507.976053708,2493.32586320939,0.604710924824229,214302.958
"Developed",1825,58997.795,93633000,232333.916385351,2481.32513521249,0.630096173357684,273300.753
"Developed",1826,59700.354,94756000,232042.000998337,2448.83702349547,0.630042994638862,333001.107
"Developed",1827,63950.537,95830000,237350.265866751,2476.78457546437,0.667333162892622,396951.644
"Developed",1828,65011.007,96924000,237512.176634065,2450.49911924875,0.670742096900664,461962.651
"Developed",1829,64750.208,97994000,240990.882181096,2459.24120028875,0.660756862665061,526712.859
"Developed",1830,81165.858,112095000,268605.534558926,2396.23118389692,0.724080984878897,607878.717
"Developed",1831,77399.498,113275000,274620.512091722,2424.37000301674,0.683288439638049,685278.215
"Developed",1832,75723.719,114449000,286644.363982373,2504.55979503861,0.661637227061835,761001.934
"Developed",1833,77093.425,115605000,292446.110748758,2529.70123047236,0.666869296310713,838095.359
"Developed",1834,82534.311,116785000,294961.21759727,2525.67724962341,0.706720135291347,920629.67
"Developed",1835,90742.106,119204000,310381.264136349,2603.78229032875,0.761233733767323,1011371.776
"Developed",1836,99163.455,120488000,315155.658686495,2615.66013782696,0.823015196534095,1110535.231
"Developed",1837,97948.093,121758000,316051.207877031,2595.73258329663,0.804448931487048,1208483.324
"Developed",1838,97220.205,123081000,323426.286981617,2627.75153745596,0.789888000584981,1305703.529
"Developed",1839,100060.682,127535000,330372.534739647,2590.4460323805,0.78457428941075,1405764.211
"Developed",1840,107805.52,128936000,343035.748483138,2660.51179254155,0.836116522926103,1513569.731
"Developed",1841,111169.882,130482000,346458.167767865,2655.21809726909,0.851994006836192,1624739.613
"Developed",1842,117880.165,131998000,343501.542521998,2602.32384219456,0.893045084016424,1742619.778
"Developed",1843,121652.19,134842000,356926.467502317,2646.99772698652,0.902183221844826,1864271.968
"Developed",1844,129964.661,136374000,376752.944898498,2762.64496823807,0.953001752533474,1994236.629
"Developed",1845,142136.414,137932000,385367.744671256,2793.89659159047,1.03048178812748,2136373.043
"Developed",1846,152504.544,146758000,409065.39757421,2787.34649950401,1.03915659793674,2288877.587
"Developed",1847,165439.096,147715000,419049.571535042,2836.87893264084,1.11998846427242,2454316.683
"Developed",1848,168160.829,148286000,425122.982597988,2866.91247048263,1.13403038048096,2622477.512
"Developed",1849,179619.198,149185000,433592.510483727,2906.40822122685,1.20400307001374,2802096.71
"Developed",1850,190656.573,150256000,437196.533330018,2909.6777055826,1.26887826775636,2992753.283
"Developed",1851,192530.899,151530000,446245.035527594,2944.92863147623,1.27057941661717,3185284.182
"Developed",1852,200045.912,153134000,468678.698471249,3060.57896006928,1.30634550132564,3385330.094
"Developed",1853,209132.919,154769000,479368.382291765,3097.31523943274,1.35125844968954,3594463.013
"Developed",1854,246518.032,156225000,497166.894334966,3182.37730411244,1.57796787966075,3840981.045
"Developed",1855,249838.76,157794000,494774.421745995,3135.57183255381,1.58332230629808,4090819.805
"Developed",1856,266091.933,159378000,521165.420326817,3269.99598643989,1.66956501524677,4356911.738
"Developed",1857,267580.672,161019000,532611.267272275,3307.75416113797,1.66179563902397,4624492.41
"Developed",1858,267755.771,165192000,548290.373543456,3319.10972409957,1.62087613806964,4892248.181
"Developed",1859,286272.512,166924000,557017.179342584,3336.95082398328,1.7149871318684,5178520.693
"Developed",1860,314450.681,196547000,651460.940037169,3314.53006170111,1.59987525121218,5492971.374
"Developed",1861,330075.087,198536000,643397.955538752,3240.71178798179,1.66254526634968,5823046.461
"Developed",1862,334779.555,200574000,662199.03947738,3301.51983545913,1.6691074366568,6157826.016
"Developed",1863,356791.634,202718000,704699.284647443,3476.25412961574,1.76003923677226,6514617.65
"Developed",1864,385150.504,204849000,723663.526619464,3532.66809513087,1.88016785046546,6899768.154
"Developed",1865,407864.372,206964000,723142.295299685,3494.0487007387,1.97070201580951,7307632.526
"Developed",1866,420555.244,208823000,730876.875822604,3499.9826447403,2.01393162630553,7728187.77
"Developed",1867,448522.652,210701000,735601.176371066,3491.2087572962,2.12871629465451,8176710.422
"Developed",1868,459499.283,212342000,765647.629283473,3605.72863250545,2.1639585338746,8636209.705
"Developed",1869,487333.068,214634000,786511.877034994,3664.4328346627,2.27053061490724,9123542.773
"Developed",1870,502626.599,224925000,811320.864624571,3607.07286706489,2.2346408758475,9626169.372
"Developed",1871,530687.39,225954000,823043.5060911,3642.52682444701,2.34865233631624,10156856.762
"Developed",1872,588521.474,227889000,853202.020823237,3743.93683250722,2.58249180083286,10745378.236
"Developed",1873,625792.501,230261000,870201.617407469,3779.19672635605,2.71775290214148,11371170.737
"Developed",1874,579528.061,232751000,898802.854860556,3861.6498097132,2.4899057834338,11950698.798
"Developed",1875,630013.104,235259000,924901.582430002,3931.41848953707,2.67795537683999,12580711.902
"Developed",1876,630702.705,238045000,920361.970012781,3866.33607096465,2.64951040769602,13211414.607
"Developed",1877,644422.145,240850000,942152.346702806,3911.78055512894,2.6756161303716,13855836.752
"Developed",1878,642754.044,243479000,960209.286909727,3943.7047421327,2.63987466680905,14498590.796
"Developed",1879,688394.403,246289000,978103.061536389,3971.36316090605,2.79506759538591,15186985.199
"Developed",1880,778995.127,248809000,1040155.09841919,4180.53646941705,3.13089609700614,15965980.326
"Developed",1881,806090.761,251428000,1073555.0226994,4269.83081716992,3.20605008590929,16772071.087
"Developed",1882,852215.635,254072000,1112600.89877287,4379.07718588773,3.35422886032306,17624286.722
"Developed",1883,903215.755,256711000,1140192.76817699,4441.54231091377,3.51841469590318,18527502.477
"Developed",1884,910075.205,259566000,1150962.47815972,4434.18043256713,3.50614180979019,19437577.682
"Developed",1885,916782.643,300773000,1223978.63048045,4069.44316970089,3.04808823597863,20354360.325
"Developed",1886,929315.499,303794000,1251457.44011792,4119.42777052186,3.0590317748211,21283675.824
"Developed",1887,974931.806,306805000,1293474.5744038,4215.95011295056,3.17769203891723,22258607.63
"Developed",1888,1079806.645,309981000,1309228.53278119,4223.57671206039,3.4834607443682,23338414.275
"Developed",1889,1073563.086,313298000,1359203.12202197,4338.3715249442,3.42665157773111,24411977.361
"Developed",1890,1170376.348,316490000,1383023.2186756,4369.879676058,3.69798839773769,25582353.709
"Developed",1891,1221559.985,319570000,1405594.39122335,4398.39281291531,3.82251145288982,26803913.694
"Developed",1892,1230049.409,322729000,1462426.52829052,4531.43822925896,3.81140030489978,28033963.103
"Developed",1893,1200897.287,325848000,1452270.94356283,4456.8969076466,3.68545237963713,29234860.39
"Developed",1894,1245251.197,329267000,1481722.75633138,4500.06455651912,3.7818888531192,30480111.587
"Developed",1895,1316605.883,332724000,1555898.72617744,4676.24435321,3.95705113848114,31796717.47
"Developed",1896,1356117.232,336381000,1572366.65846666,4674.3622810642,4.03149176677636,33152834.702
"Developed",1897,1415491.855,340252000,1635168.14305521,4805.75615442441,4.16012794928465,34568326.557
"Developed",1898,1485436.683,344174000,1704844.33214122,4953.43730828366,4.3159468263146,36053763.24
"Developed",1899,1625511.173,348004000,1786203.10380652,5132.70854302398,4.67095542867323,37679274.413
"Developed",1900,1712434.083,351706000,1819801.16476237,5174.21131502553,4.86893622229931,39391708.496
"Developed",1901,1757974.21,355790000,1890561.24065826,5313.69976856644,4.94104446443127,41149682.706
"Developed",1902,1807457.022,360194000,1907810.48420555,5296.61927796006,5.0180098002743,42957139.728
"Developed",1903,1983939.212,364409000,1973220.04634036,5414.84992505774,5.44426513066362,44941078.94
"Developed",1904,1989401.337,368649000,1986874.93490757,5389.61162218688,5.39646475916115,46930480.277
"Developed",1905,2132440.283,372814000,2064752.76754865,5538.29192988634,5.71985033555607,49062920.56
"Developed",1906,2211691.037,377112000,2205372.84608282,5848.05799360089,5.86481214334203,51274611.597
"Developed",1907,2507702.407,381311000,2259308.73601177,5925.10768378508,6.57652783948011,53782314.004
"Developed",1908,2376668.123,385886000,2189678.6772075,5674.41855161239,6.1589902795126,56158982.127
"Developed",1909,2481471.354,390572000,2314734.97784941,5926.52565429527,6.35342869944594,58640453.481
"Developed",1910,2614429.862,395461000,2336028.26716188,5907.10150220093,6.61109404467191,61254883.343
"Developed",1911,2633193.584,399990000,2419184.00432667,6048.11121359701,6.58314853871347,63888076.927
"Developed",1912,2757108.376,403945000,2505020.16801247,6201.38921886017,6.82545489113617,66645185.303
"Developed",1913,2976615.36,413716000,2596235.43021107,6275.40494013059,7.19482775623858,69621800.663
"Developed",1914,2705932.123,418727000,2422660.44131219,5785.77555617906,6.46228240118263,72327732.786
"Developed",1915,2677960,421306000,2446149.79603522,5806.11193772511,6.35633007837534,75005692.786
"Developed",1916,2879305.884,423400000,2626951.90479335,6204.42112610617,6.80043902692489,77884998.67
"Developed",1917,3013276.679,424886000,2548804.38045126,5998.79586630592,7.09196508945929,80898275.349
"Developed",1918,3036932.051,425027000,2575756.49709187,6060.21852045134,7.14526853823404,83935207.4
"Developed",1919,2673073.283,421196000,2521610.03472956,5986.78533207713,6.34638810197628,86608280.683
"Developed",1920,3047670.735,424749000,2545326.32083223,5992.54223278273,7.1752275696941,89655951.418
"Developed",1921,2598931.736,426667000,2529154.97716056,5927.7023467026,6.09124149746758,92254883.154
"Developed",1922,2758112.644,430912000,2712563.34322577,6294.93572521946,6.40064013998218,95012995.798
"Developed",1923,3172589.426,435864000,2847808.85167947,6533.709716057,7.27885171980251,98185585.224
"Developed",1924,3172484.008,444009000,3011545.0440075,6782.62162255157,7.14508941935862,101358069.232
"Developed",1925,3223840.287,448520000,3124074.21484962,6965.29522618751,7.18772916926781,104581909.519
"Developed",1926,3128139.72,453101000,3218391.73664191,7103.0338415539,6.90384642717628,107710049.239
"Developed",1927,3418937.278,457447000,3306649.88224281,7228.48741437328,7.47395278141511,111128986.517
"Developed",1928,3375943.19,461641000,3394983.15846101,7354.16299345382,7.3129188915196,114504929.707
"Developed",1929,3624175.539,465468000,3536384.13329582,7597.48067170208,7.78608956791874,118129105.246
"Developed",1930,3284681.354,469822000,3345469.75579379,7120.71753939532,6.99133151278569,121413786.6
"Developed",1931,2875917.947,473702000,3175652.11152329,6703.90268887041,6.07115432698194,124289704.547
"Developed",1932,2534097.051,477122000,2963015.97255061,6210.18517811086,5.31121401025314,126823801.598
"Developed",1933,2666580.735,480452000,3004880.37989467,6254.27801298501,5.55015013986829,129490382.333
"Developed",1934,2859846.267,483817000,3160322.59876002,6532.06191340945,5.91100822625083,132350228.6
"Developed",1935,2972842.529,487536000,3370677.89510631,6913.70051669273,6.09768823020249,135323071.129
"Developed",1936,3265605.596,490936000,3558464.85318736,7248.32738521388,6.65179493050011,138588676.725
"Developed",1937,3494233.354,494511000,3769682.23927882,7623.05032502577,7.06603766953617,142082910.079
"Developed",1938,3203927.618,498125000,3751562.36816528,7531.36736394536,6.43197514278545,145286837.697
"Developed",1939,3406309.685,501908000,4008934.33523152,7987.38879482199,6.78672124174151,148693147.382
"Developed",1940,3570405.075,504733000,4109351.21077723,8141.63371679132,7.07384909447173,152263552.457
"Developed",1941,3722068.329,507108000,4369650.93200992,8616.80535903578,7.3397941444426,155985620.786
"Developed",1942,3869578.569,510946000,4554981.03060538,8914.79927547212,7.57336111643892,159855199.355
"Developed",1943,3919022.72,514084000,4737105.53310428,9214.6527281617,7.62331198792415,163774222.075
"Developed",1944,3896669.926,517301000,4821989.77740168,9321.43911842753,7.53269358845237,167670892.001
"Developed",1945,3241889.177,516866000,4423566.26527428,8558.4392575141,6.27220435664176,170912781.178
"Developed",1946,3439870.837,519031000,4065563.9254433,7832.98863737098,6.62748629079959,174352652.015
"Developed",1947,3862028.122,526175000,4144078.37782412,7875.85570926805,7.33981683280278,178214680.137
"Developed",1948,4085153.863,534381000,4392023.36416984,8218.89880847157,7.64464654057685,182299834
"Developed",1949,3774111.826,541528000,4516513.2636769,8340.31345318599,6.96937522344182,186073945.826
"Developed",1950,4979633.051,748627294,5621556.33227607,7509.15225417372,6.65168514547908,191053578.877
"Developed",1951,5321372.052,757806670,6006224.2609772,7925.80020571368,7.02207075057811,196374950.929
"Developed",1952,5342603.963,783001498,6310051.18736037,8058.79835923426,6.82323594098667,201717554.892
"Developed",1953,5484847.522,792593486,6637488.69506894,8374.39218503613,6.92012692367749,207202402.414
"Developed",1954,5519131.577,802420601,6838444.76428428,8522.26968719649,6.87810304237191,212721533.991
"Developed",1955,5998528.892,812555721,7307554.72105162,8993.29674530914,7.38229851439321,218720062.883
"Developed",1956,6352409.83,822742422,7591365.4183006,9226.90408967462,7.72101894850391,225072472.713
"Developed",1957,6465832.113,833010946,7882448.85560283,9462.59937333744,7.76200138071175,231538304.826
"Developed",1958,6379543.564,843212046,8030007.28300912,9523.11737136772,7.5657642632871,237917848.39
"Developed",1959,6549468.892,853725500,8525781.61093214,9986.56079844416,7.67163320294404,244467317.282
"Developed",1960,6899087.017,864056583,8961309.75381614,10371.2070831085,7.9845315141821,251366404.299
"Developed",1961,7064432.234,874894347,9386942.0215352,10729.2292534783,8.07461181824278,258430836.533
"Developed",1962,7400099.334,885718791,9923518.2382325,11203.9152144763,8.35490836278306,265830935.867
"Developed",1963,7814507.282,896011559,10416385.0788978,11625.2798016614,8.72143579344159,273645443.149
"Developed",1964,8219200.098,906036259,11085151.2213074,12234.7766010404,9.07160173376682,281864643.247
"Developed",1965,8531981.604,915438807,11676177.6735314,12754.7331227913,9.32010041387725,290396624.851
"Developed",1966,8896805.286,924169246,12353902.6462849,13367.5760146263,9.62681383794933,299293430.137
"Developed",1967,9225210.619,932405146,12852960.5365634,13784.737881062,9.89399367707908,308518640.756
"Developed",1968,9686384.781,940578716,13604792.7905387,14464.2788095353,10.298324442417,318205025.537
"Developed",1969,10257099.091,949015225,14310581.2582716,15079.4011321279,10.8081501969581,328462124.628
"Developed",1970,11114867.416,967504295,14947265.6079575,15449.3015537027,11.4881840560718,339576992.044
"Developed",1971,11377772.727,976795294,15519000.5400903,15887.6692336831,11.6480625949863,350954764.771
"Developed",1972,11870052.845,985489090,16318674.159295,16558.9597336841,12.0448343522504,362824817.616
"Developed",1973,12441792.578,993753513,17333795.8760181,17442.7517983709,12.51999858641,375266610.194
"Developed",1974,12275835.582,1001797429,17571486.7722217,17539.9599395675,12.2538102281355,387542445.776
"Developed",1975,12107525.54,1009644440,17719799.1628039,17550.5340898068,11.9918706629039,399649971.316
"Developed",1976,12770751.44,1016926402,18519728.0474555,18211.4733288786,12.5581865264621,412420722.756
"Developed",1977,13000187.919,1024315392,19196015.7151676,18740.3370730248,12.6915870058506,425420910.675
"Developed",1978,13248346.004,1031636468,20003727.7657159,19390.2875540029,12.8420683205239,438669256.679
"Developed",1979,13587057.42,1038944586,20719592.3584546,19942.9234606499,13.0777498656699,452256314.099
"Developed",1980,14266874.31,1117686490,21632979.8253309,19355.1411946752,12.7646477233522,466523188.409
"Developed",1981,13845944.144,1125096751,21981423.7321282,19537.3630868553,12.3064475403502,480369132.553
"Developed",1982,13512522.323,1131949002,22038174.0285189,19469.2287281321,11.937394970202,493881654.876
"Developed",1983,13476163.519,1138508390,22655858.1247054,19899.596984705,11.8366835390647,507357818.395
"Developed",1984,13853477.361,1144866827,23616113.9129473,20627.8261855405,12.1005142557074,521211295.756
"Developed",1985,14217921.611,1156338315,24410103.0471199,21109.8280931043,12.295641704997,535429217.367
"Developed",1986,14233287.409,1162946568,25172971.5843421,21645.8539687114,12.2389865541957,549662504.776
"Developed",1987,14454911.596,1169431530,25962404.0131928,22200.8756794789,12.3606309776854,564117416.372
"Developed",1988,14860008.363,1175977872,27036291.653419,22990.4765192886,12.6362993018971,578977424.735
"Developed",1989,14981631.862,1182929100,27937859.2683453,23617.5264167103,12.6648603555361,593959056.597
"Developed",1990,15363785.838,1190305833,28292363.727804,23768.9868800332,12.9074271603607,609322842.435
"Developed",1991,15036772.651,1196956152,28452227.2270599,23770.484139723,12.5625091828761,624359615.086
"Developed",1992,14568097.897,1203554151,28709592.6651771,23854.0099266186,12.1042313591755,638927712.983
"Developed",1993,14406905.058,1209208016,28929330.2592188,23924.1965620734,11.914331419715,653334618.041
"Developed",1994,14241235.856,1214230295,29628014.5823404,24400.6550522942,11.7286118742409,667575853.897
"Developed",1995,14346275.705,1219257291,30473250.9244435,24993.2898899872,11.766405508417,681922129.602
"Developed",1996,14658786.085,1223910050,31390923.209584,25648.0639321362,11.9770125958194,696580915.687
"Developed",1997,14572875.19,1228559426,32527258.4221211,26475.9341174279,11.8617584803749,711153790.877
"Developed",1998,14505617.748,1232985512,33430278.4519324,27113.2775905094,11.7646295165875,725659408.625
"Developed",1999,14586527.825,1237279729,34746940.2657836,28083.334311043,11.7891916299228,740245936.45
"Developed",2000,14876901.31,1241624995,36368980.0148621,29291.4367553161,11.9817991502338,755122837.76
"Developed",2001,14907620.037,1245416184,37162326.6463761,29839.2835453759,11.9699906172088,770030457.797
"Developed",2002,14970433.499,1249837951,38006788.2203329,30409.3728230316,11.9778996045224,785000891.296
"Developed",2003,15227069.022,1254300594,39061360.980844,31141.9456928392,12.1398882332029,800227960.318
"Developed",2004,15371332.836,1258905661,40588135.6168437,32240.8079288506,12.21007523613,815599293.154
"Developed",2005,15395789.715,1263622131,41943959.0845465,33193.435011583,12.1838557091558,830995082.869
"Developed",2006,15404206.859,1268555442,43514682.5291603,34302.5468879431,12.1431088851062,846399289.728
"Developed",2007,15525410.751,1274149065,45033902.8205295,35344.2968782695,12.1849249648039,861924700.479
"Developed",2008,15162570.715,1280087660,45528945.8697825,35567.0531733604,11.8449471772894,877087271.194
"Developed",2009,14115174.833,1285706738,43988892.3697859,34213.783804395,10.9785337634281,891202446.027
"Developed",2010,14667732.542,1290566453,45432514.8797207,35203.5455238357,11.365344657692,905870178.569
"Developed",2011,14546236.154,1294907493,46460074.849151,35879.0686595795,11.2334172384004,920416414.723
"Developed",2012,14351317.788,1299393049,47063850.931416,36219.8727841709,11.0446317987037,934767732.511
"Developed",2013,14332656.133,1303660272,47680330.3308005,36574.1990876597,10.9941649989929,949100388.644
"Developed",2014,14083098.628,1310428816,48539006.5721309,37040.5519013945,10.7469390599848,963183487.272
"Developed",2015,13909599.565,1315045662,49429382.4048018,37587.578768654,10.5772749699394,977093086.837
"Developed",2016,13753291.328,1320086135,50262755.5183842,38075.3605281857,10.4184802516693,990846378.165
"Developed",2017,13757456.829,1324289139,51524741.2177893,38907.470959625,10.3885597365758,1004603834.994
"Developed",2018,13880797.103,1328268019,52762836.2199076,39723.0344065881,10.4502983618098,1018484632.097
"Developed",2019,13529150.692,1332169858.85582,53714450.6594779,40321.0223549212,10.1557249640973,1032013782.789
"Developed",2020,12381011.047,1336303037.58637,51480176.5288266,38524.3280010873,9.26512228046908,1044394793.836
"Developed",2021,13024440.466,1336028180.98446,54200841.0574049,40568.636072831,9.74862705096751,1057419234.302
"Developed",2022,12837321.428,1336042435.15629,55290393.2311102,41383.7104093495,9.60846833169505,1070256555.73
"Developing Asia and Oceania",1750,0,0,0,41083.668110021,9.53737053136352,0
"Developing Asia and Oceania",1751,0,0,0,40783.6258106925,9.46627273103199,0
"Developing Asia and Oceania",1752,0,0,0,40483.583511364,9.39517493070045,0
"Developing Asia and Oceania",1753,0,0,0,40183.5412120354,9.32407713036892,0
"Developing Asia and Oceania",1754,0,0,0,39883.4989127069,9.25297933003738,0
"Developing Asia and Oceania",1755,0,0,0,39583.4566133784,9.18188152970585,0
"Developing Asia and Oceania",1756,0,0,0,39283.4143140499,9.11078372937432,0
"Developing Asia and Oceania",1757,0,0,0,38983.3720147214,9.03968592904278,0
"Developing Asia and Oceania",1758,0,0,0,38683.3297153929,8.96858812871125,0
"Developing Asia and Oceania",1759,0,0,0,38383.2874160643,8.89749032837971,0
"Developing Asia and Oceania",1760,0,0,0,38083.2451167358,8.82639252804818,0
"Developing Asia and Oceania",1761,0,0,0,37783.2028174073,8.75529472771665,0
"Developing Asia and Oceania",1762,0,0,0,37483.1605180788,8.68419692738511,0
"Developing Asia and Oceania",1763,0,0,0,37183.1182187503,8.61309912705358,0
"Developing Asia and Oceania",1764,0,0,0,36883.0759194218,8.54200132672204,0
"Developing Asia and Oceania",1765,0,0,0,36583.0336200933,8.47090352639051,0
"Developing Asia and Oceania",1766,0,0,0,36282.9913207647,8.39980572605897,0
"Developing Asia and Oceania",1767,0,0,0,35982.9490214362,8.32870792572744,0
"Developing Asia and Oceania",1768,0,0,0,35682.9067221077,8.25761012539591,0
"Developing Asia and Oceania",1769,0,0,0,35382.8644227792,8.18651232506437,0
"Developing Asia and Oceania",1770,0,0,0,35082.8221234507,8.11541452473284,0
"Developing Asia and Oceania",1771,0,0,0,34782.7798241222,8.0443167244013,0
"Developing Asia and Oceania",1772,0,0,0,34482.7375247937,7.97321892406977,0
"Developing Asia and Oceania",1773,0,0,0,34182.6952254651,7.90212112373823,0
"Developing Asia and Oceania",1774,0,0,0,33882.6529261366,7.8310233234067,0
"Developing Asia and Oceania",1775,0,0,0,33582.6106268081,7.75992552307517,0
"Developing Asia and Oceania",1776,0,0,0,33282.5683274796,7.68882772274363,0
"Developing Asia and Oceania",1777,0,0,0,32982.5260281511,7.6177299224121,0
"Developing Asia and Oceania",1778,0,0,0,32682.4837288226,7.54663212208056,0
"Developing Asia and Oceania",1779,0,0,0,32382.441429494,7.47553432174903,0
"Developing Asia and Oceania",1780,0,0,0,32082.3991301655,7.4044365214175,0
"Developing Asia and Oceania",1781,0,0,0,31782.356830837,7.33333872108596,0
"Developing Asia and Oceania",1782,0,0,0,31482.3145315085,7.26224092075443,0
"Developing Asia and Oceania",1783,0,0,0,31182.27223218,7.1911431204229,0
"Developing Asia and Oceania",1784,0,0,0,30882.2299328515,7.12004532009136,0
"Developing Asia and Oceania",1785,0,0,0,30582.187633523,7.04894751975983,0
"Developing Asia and Oceania",1786,0,0,0,30282.1453341944,6.97784971942829,0
"Developing Asia and Oceania",1787,0,0,0,29982.1030348659,6.90675191909676,0
"Developing Asia and Oceania",1788,0,0,0,29682.0607355374,6.83565411876522,0
"Developing Asia and Oceania",1789,0,0,0,29382.0184362089,6.76455631843369,0
"Developing Asia and Oceania",1790,0,0,0,29081.9761368804,6.69345851810216,0
"Developing Asia and Oceania",1791,0,0,0,28781.9338375519,6.62236071777062,0
"Developing Asia and Oceania",1792,0,0,0,28481.8915382234,6.55126291743909,0
"Developing Asia and Oceania",1793,0,0,0,28181.8492388948,6.48016511710755,0
"Developing Asia and Oceania",1794,0,0,0,27881.8069395663,6.40906731677602,0
"Developing Asia and Oceania",1795,0,0,0,27581.7646402378,6.33796951644448,0
"Developing Asia and Oceania",1796,0,0,0,27281.7223409093,6.26687171611295,0
"Developing Asia and Oceania",1797,0,0,0,26981.6800415808,6.19577391578142,0
"Developing Asia and Oceania",1798,0,0,0,26681.6377422523,6.12467611544988,0
"Developing Asia and Oceania",1799,0,0,0,26381.5954429238,6.05357831511835,0
"Developing Asia and Oceania",1800,0,0,0,26081.5531435952,5.98248051478681,0
"Developing Asia and Oceania",1801,0,0,0,25781.5108442667,5.91138271445528,0
"Developing Asia and Oceania",1802,0,0,0,25481.4685449382,5.84028491412375,0
"Developing Asia and Oceania",1803,0,0,0,25181.4262456097,5.76918711379221,0
"Developing Asia and Oceania",1804,0,0,0,24881.3839462812,5.69808931346068,0
"Developing Asia and Oceania",1805,0,0,0,24581.3416469527,5.62699151312914,0
"Developing Asia and Oceania",1806,0,0,0,24281.2993476241,5.55589371279761,0
"Developing Asia and Oceania",1807,0,0,0,23981.2570482956,5.48479591246608,0
"Developing Asia and Oceania",1808,0,0,0,23681.2147489671,5.41369811213454,0
"Developing Asia and Oceania",1809,0,0,0,23381.1724496386,5.34260031180301,0
"Developing Asia and Oceania",1810,0,0,0,23081.1301503101,5.27150251147147,0
"Developing Asia and Oceania",1811,0,0,0,22781.0878509816,5.20040471113994,0
"Developing Asia and Oceania",1812,0,0,0,22481.0455516531,5.1293069108084,0
"Developing Asia and Oceania",1813,0,0,0,22181.0032523245,5.05820911047687,0
"Developing Asia and Oceania",1814,0,0,0,21880.960952996,4.98711131014534,0
"Developing Asia and Oceania",1815,0,0,0,21580.9186536675,4.9160135098138,0
"Developing Asia and Oceania",1816,0,0,0,21280.876354339,4.84491570948227,0
"Developing Asia and Oceania",1817,0,0,0,20980.8340550105,4.77381790915074,0
"Developing Asia and Oceania",1818,0,0,0,20680.791755682,4.7027201088192,0
"Developing Asia and Oceania",1819,0,0,0,20380.7494563535,4.63162230848767,0
"Developing Asia and Oceania",1820,0,0,0,20080.7071570249,4.56052450815613,0
"Developing Asia and Oceania",1821,0,0,0,19780.6648576964,4.4894267078246,0
"Developing Asia and Oceania",1822,0,0,0,19480.6225583679,4.41832890749306,0
"Developing Asia and Oceania",1823,0,0,0,19180.5802590394,4.34723110716153,0
"Developing Asia and Oceania",1824,0,0,0,18880.5379597109,4.27613330683,0
"Developing Asia and Oceania",1825,0,0,0,18580.4956603824,4.20503550649846,0
"Developing Asia and Oceania",1826,0,0,0,18280.4533610539,4.13393770616693,0
"Developing Asia and Oceania",1827,0,0,0,17980.4110617253,4.06283990583539,0
"Developing Asia and Oceania",1828,0,0,0,17680.3687623968,3.99174210550386,0
"Developing Asia and Oceania",1829,0,0,0,17380.3264630683,3.92064430517233,0
"Developing Asia and Oceania",1830,0,0,0,17080.2841637398,3.84954650484079,0
"Developing Asia and Oceania",1831,0,0,0,16780.2418644113,3.77844870450926,0
"Developing Asia and Oceania",1832,0,0,0,16480.1995650828,3.70735090417772,0
"Developing Asia and Oceania",1833,0,0,0,16180.1572657543,3.63625310384619,0
"Developing Asia and Oceania",1834,0,0,0,15880.1149664257,3.56515530351465,0
"Developing Asia and Oceania",1835,0,0,0,15580.0726670972,3.49405750318312,0
"Developing Asia and Oceania",1836,0,0,0,15280.0303677687,3.42295970285159,0
"Developing Asia and Oceania",1837,0,0,0,14979.9880684402,3.35186190252005,0
"Developing Asia and Oceania",1838,0,0,0,14679.9457691117,3.28076410218852,0
"Developing Asia and Oceania",1839,0,0,0,14379.9034697832,3.20966630185698,0
"Developing Asia and Oceania",1840,0,0,0,14079.8611704546,3.13856850152545,0
"Developing Asia and Oceania",1841,0,0,0,13779.8188711261,3.06747070119392,0
"Developing Asia and Oceania",1842,0,0,0,13479.7765717976,2.99637290086238,0
"Developing Asia and Oceania",1843,0,0,0,13179.7342724691,2.92527510053085,0
"Developing Asia and Oceania",1844,0,0,0,12879.6919731406,2.85417730019931,0
"Developing Asia and Oceania",1845,0,0,0,12579.6496738121,2.78307949986778,0
"Developing Asia and Oceania",1846,0,0,0,12279.6073744836,2.71198169953624,0
"Developing Asia and Oceania",1847,0,0,0,11979.565075155,2.64088389920471,0
"Developing Asia and Oceania",1848,0,0,0,11679.5227758265,2.56978609887318,0
"Developing Asia and Oceania",1849,0,0,0,11379.480476498,2.49868829854164,0
"Developing Asia and Oceania",1850,0,0,0,11079.4381771695,2.42759049821011,0
"Developing Asia and Oceania",1851,0,0,0,10779.395877841,2.35649269787857,0
"Developing Asia and Oceania",1852,0,0,0,10479.3535785125,2.28539489754704,0
"Developing Asia and Oceania",1853,0,0,0,10179.311279184,2.21429709721551,0
"Developing Asia and Oceania",1854,0,0,0,9879.26897985544,2.14319929688397,0
"Developing Asia and Oceania",1855,0,0,0,9579.22668052693,2.07210149655244,0
"Developing Asia and Oceania",1856,0,0,0,9279.18438119841,2.0010036962209,0
"Developing Asia and Oceania",1857,0,0,0,8979.1420818699,1.92990589588937,0
"Developing Asia and Oceania",1858,0,0,0,8679.09978254138,1.85880809555784,0
"Developing Asia and Oceania",1859,0,0,0,8379.05748321287,1.7877102952263,0
"Developing Asia and Oceania",1860,0,0,0,8079.01518388435,1.71661249489477,0
"Developing Asia and Oceania",1861,0,0,0,7778.97288455584,1.64551469456323,0
"Developing Asia and Oceania",1862,0,0,0,7478.93058522732,1.5744168942317,0
"Developing Asia and Oceania",1863,0,0,0,7178.88828589881,1.50331909390017,0
"Developing Asia and Oceania",1864,0,0,0,6878.8459865703,1.43222129356863,0
"Developing Asia and Oceania",1865,0,0,0,6578.80368724178,1.3611234932371,0
"Developing Asia and Oceania",1866,0,0,0,6278.76138791326,1.29002569290556,0
"Developing Asia and Oceania",1867,0,0,0,5978.71908858475,1.21892789257403,0
"Developing Asia and Oceania",1868,0,0,0,5678.67678925623,1.1478300922425,0
"Developing Asia and Oceania",1869,0,0,0,5378.63448992772,1.07673229191096,0
"Developing Asia and Oceania",1870,0,0,0,5078.59219059921,1.00563449157943,0
"Developing Asia and Oceania",1871,0,0,0,4778.54989127069,0.934536691247892,0
"Developing Asia and Oceania",1872,0,0,0,4478.50759194218,0.863438890916358,0
"Developing Asia and Oceania",1873,0,0,0,4178.46529261366,0.792341090584825,0
"Developing Asia and Oceania",1874,0,0,0,3878.42299328514,0.721243290253291,0
"Developing Asia and Oceania",1875,0,0,0,3578.38069395663,0.650145489921757,0
"Developing Asia and Oceania",1876,0,0,0,3278.33839462812,0.579047689590222,0
"Developing Asia and Oceania",1877,0,0,0,2978.2960952996,0.507949889258688,0
"Developing Asia and Oceania",1878,0,0,0,2678.25379597109,0.436852088927154,0
"Developing Asia and Oceania",1879,0,0,0,2378.21149664257,0.365754288595621,0
"Developing Asia and Oceania",1880,0,0,0,2078.16919731406,0.294656488264087,0
"Developing Asia and Oceania",1881,0,0,0,1778.12689798554,0.223558687932552,0
"Developing Asia and Oceania",1882,0,0,0,1478.08459865703,0.152460887601018,0
"Developing Asia and Oceania",1883,0,0,0,1178.04229932852,0.0813630872694837,0
"Developing Asia and Oceania",1884,2730.012,265946000,233500.588,878,0.0102652869379498,2730.012
"Developing Asia and Oceania",1885,2459.401,268179000,242433.816,904,0.0091707441671421,5189.413
"Developing Asia and Oceania",1886,2772.061,270430000,236355.82,874,0.0102505676145398,7961.474
"Developing Asia and Oceania",1887,3066.015,272700000,248702.4,912,0.0112431793179318,11027.489
"Developing Asia and Oceania",1888,3409.552,274990000,252440.82,918,0.0123988217753373,14437.041
"Developing Asia and Oceania",1889,4021.827,277298000,247072.518,891,0.0145036278660502,18458.868
"Developing Asia and Oceania",1890,4431.669,279626000,260331.806,931,0.0158485584316194,22890.537
"Developing Asia and Oceania",1891,4772.419,280110000,236132.73,843,0.0170376602049195,27662.956
"Developing Asia and Oceania",1892,5247.29,280594000,255340.54,910,0.0187006493367642,32910.246
"Developing Asia and Oceania",1893,5543.189,281079000,261684.549,931,0.0197211068774259,38453.435
"Developing Asia and Oceania",1894,5616.704,281565000,265797.36,944,0.0199481611706,44070.139
"Developing Asia and Oceania",1895,7034.702,282052000,259487.84,920,0.0249411526952477,51104.841
"Developing Asia and Oceania",1896,7608.026,282540000,240159,850,0.0269272527783677,58712.867
"Developing Asia and Oceania",1897,8253.373,283029000,284161.116,1004,0.0291608739740451,66966.24
"Developing Asia and Oceania",1898,9125.185,283518000,284652.072,1004,0.0321855578834501,76091.425
"Developing Asia and Oceania",1899,10054.478,284009000,262708.325,925,0.0354019696558912,86145.903
"Developing Asia and Oceania",1900,11929.561,284500000,271697.5,955,0.0419316731107206,98075.464
"Developing Asia and Oceania",1901,13179.677,286200000,277327.8,969,0.0460505835080363,111255.141
"Developing Asia and Oceania",1902,14515.422,288000000,300672,1044,0.0504007708333333,125770.563
"Developing Asia and Oceania",1903,14802.121,289700000,304764.4,1052,0.0510946530894028,140572.684
"Developing Asia and Oceania",1904,16561.006,291500000,306075,1050,0.0568130566037736,157133.69
"Developing Asia and Oceania",1905,16930.719,293300000,300632.5,1025,0.0577249198772588,174064.409
"Developing Asia and Oceania",1906,19549.416,295100000,308969.7,1047,0.0662467502541511,193613.825
"Developing Asia and Oceania",1907,21772.4,296900000,290665.1,979,0.0733324351633547,215386.225
"Developing Asia and Oceania",1908,24908.241,298700000,294816.9,987,0.0833888215600937,240294.466
"Developing Asia and Oceania",1909,24142.651,300500000,335358,1116,0.0803416006655574,264437.117
"Developing Asia and Oceania",1910,23487.316,302100000,335633.1,1111,0.0777468255544522,287924.433
"Developing Asia and Oceania",1911,24782.445,303100000,333713.1,1101,0.0817632629495216,312706.878
"Developing Asia and Oceania",1912,28521.446,303400000,333133.2,1098,0.09400608437706,341228.324
"Developing Asia and Oceania",1913,31466.76,303700000,325870.1,1073,0.103611326967402,372695.084
"Developing Asia and Oceania",1914,31698.143,304000000,343520,1130,0.104270207236842,404393.227
"Developing Asia and Oceania",1915,33141.721,304200000,334924.2,1101,0.108947143326759,437534.948
"Developing Asia and Oceania",1916,33517.507,304500000,344694,1132,0.110073914614122,471052.455
"Developing Asia and Oceania",1917,35019.769,304800000,338632.8,1111,0.114894255249344,506072.224
"Developing Asia and Oceania",1918,39359.31,305100000,295336.8,968,0.129004621435595,545431.534
"Developing Asia and Oceania",1919,42974.757,305300000,335830,1100,0.140762387815264,588406.291
"Developing Asia and Oceania",1920,34867.978,305600000,309267.2,1012,0.114096786649215,623274.269
"Developing Asia and Oceania",1921,37505.518,307300000,332498.6,1082,0.122048545395379,660779.787
"Developing Asia and Oceania",1922,36903.371,310400000,346716.8,1117,0.118889726159794,697683.158
"Developing Asia and Oceania",1923,37971.889,313600000,335552,1070,0.121083829719388,735655.047
"Developing Asia and Oceania",1924,40627.951,316700000,351853.7,1111,0.128285288916956,776282.998
"Developing Asia and Oceania",1925,40084.925,319900000,356048.7,1113,0.125304548296343,816367.923
"Developing Asia and Oceania",1926,39942.581,323200000,367478.4,1137,0.123584718440594,856310.504
"Developing Asia and Oceania",1927,41883.79,326400000,367200,1125,0.12832043504902,898194.294
"Developing Asia and Oceania",1928,40072.958,329700000,370912.5,1125,0.121543700333637,938267.252
"Developing Asia and Oceania",1929,41707.876,333100000,386396,1160,0.125211275893125,979975.128
"Developing Asia and Oceania",1930,42399.495,336400000,389214.8,1157,0.126038926872771,1022374.623
"Developing Asia and Oceania",1931,38851.023,341000000,386353,1133,0.113932618768328,1061225.646
"Developing Asia and Oceania",1932,36129.475,345800000,390754,1130,0.104480841526894,1097355.121
"Developing Asia and Oceania",1933,35467.34,350700000,391381.2,1116,0.101132991160536,1132822.461
"Developing Asia and Oceania",1934,39611.029,355600000,395071.6,1111,0.111392095050619,1172433.49
"Developing Asia and Oceania",1935,41393.199,360600000,390890.4,1084,0.114789792013311,1213826.689
"Developing Asia and Oceania",1936,40684.478,365700000,406292.7,1111,0.111250965272081,1254511.167
"Developing Asia and Oceania",1937,45067.283,370900000,399830.2,1078,0.121507907791858,1299578.45
"Developing Asia and Oceania",1938,50379.658,376100000,400546.5,1065,0.133952826375964,1349958.108
"Developing Asia and Oceania",1939,49312.226,381400000,409623.6,1074,0.12929267435763,1399270.334
"Developing Asia and Oceania",1940,52309.527,386800000,422772.4,1093,0.135236626163392,1451579.861
"Developing Asia and Oceania",1941,53581.1,391700000,431261.7,1101,0.136791166709216,1505160.961
"Developing Asia and Oceania",1942,53529.538,396300000,428796.6,1082,0.135073272773152,1558690.499
"Developing Asia and Oceania",1943,46644.426,400900000,446201.7,1113,0.116349279121976,1605334.925
"Developing Asia and Oceania",1944,47695.989,405600000,441698.4,1089,0.117593661242604,1653030.914
"Developing Asia and Oceania",1945,52874.036,410400000,434203.2,1058,0.12883537037037,1705904.95
"Developing Asia and Oceania",1946,52224.997,415200000,411463.2,991,0.125782748073218,1758129.947
"Developing Asia and Oceania",1947,53180.278,346000000,340810,985,0.153700225433526,1811310.225
"Developing Asia and Oceania",1948,53204.079,350000000,344050,983,0.152011654285714,1864514.304
"Developing Asia and Oceania",1949,56187.84,355000000,353225,995,0.158275605633803,1920702.144
"Developing Asia and Oceania",1950,205805.029,1258837603.12045,1297574.43921653,1030.77190894207,0.163488148502907,2126507.173
"Developing Asia and Oceania",1951,229930.574,1282609249.24264,1425489.69684373,1111.39826699789,0.179267827778235,2356437.747
"Developing Asia and Oceania",1952,264757.703,1308523667.13646,1530757.90772165,1169.8358586601,0.202333140507416,2621195.45
"Developing Asia and Oceania",1953,276621.344,1335826481.17278,1672833.08938348,1252.28322163132,0.20707879945391,2897816.794
"Developing Asia and Oceania",1954,317996.429,1365010673.27274,1668646.31187151,1222.44195195249,0.232962595257643,3215813.223
"Developing Asia and Oceania",1955,381484.531,1401145510.93684,1760769.08265047,1256.66397166214,0.272266176512196,3597297.754
"Developing Asia and Oceania",1956,421627.535,1431011231.48749,1876538.23828239,1311.3371837982,0.294636076728574,4018925.289
"Developing Asia and Oceania",1957,471288.579,1464367325.33723,1929304.79923255,1317.50057915848,0.321837677504493,4490213.868
"Developing Asia and Oceania",1958,756207.529,1499143654.39926,1981224.59034121,1321.5708744971,0.504426328178021,5246421.397
"Developing Asia and Oceania",1959,965122.075,1530382137.88074,2012902.3371179,1315.29393038091,0.630641230782068,6211543.472
"Developing Asia and Oceania",1960,1076466.38,1550149295.63125,2051045.40082174,1323.12765396349,0.694427551613113,7288009.852
"Developing Asia and Oceania",1961,869883.15,1564480183.95567,1986849.18132286,1269.97401545813,0.556020561283535,8157893.002
"Developing Asia and Oceania",1962,791072.013,1591530816.22849,2085018.4304005,1310.07103924098,0.497051018386581,8948965.015
"Developing Asia and Oceania",1963,818589.143,1630211598.23205,2246892.55390996,1378.28276792209,0.502136743406654,9767554.158
"Developing Asia and Oceania",1964,850011.178,1669072634.27376,2442833.19127509,1463.5871088606,0.509271532314021,10617565.336
"Developing Asia and Oceania",1965,935545.77,1709094996.35753,2565346.52255878,1500.99703528834,0.547392492514377,11553111.106
"Developing Asia and Oceania",1966,1026921.056,1751973211.93558,2662573.09907067,1519.75674110283,0.586151117496516,12580032.162
"Developing Asia and Oceania",1967,962175.51,1795068024.20649,2758467.36564359,1536.69238627487,0.536010611868221,13542207.672
"Developing Asia and Oceania",1968,1063153.278,1840308125.00054,2855879.77688562,1551.84870299085,0.577703952700685,14605360.95
"Developing Asia and Oceania",1969,1203262.541,1886116696.47834,3096058.75207514,1641.49904290437,0.637957631808611,15808623.491
"Developing Asia and Oceania",1970,1455846.975,1934389418.98657,3378392.61805474,1746.49043511863,0.752613181560266,17264470.466
"Developing Asia and Oceania",1971,1619110.939,1984393497.45042,3560887.27113728,1794.44614977441,0.815922316355228,18883581.405
"Developing Asia and Oceania",1972,1727976.71,2032870739.21297,3702827.91832607,1821.47730640248,0.850017995078716,20611558.115
"Developing Asia and Oceania",1973,1852262.639,2080952197.98647,3995641.13211404,1920.10231469047,0.890103405927466,22463820.754
"Developing Asia and Oceania",1974,1892409.329,2128089859.59284,4151836.20901474,1950.96846606331,0.889252547522625,24356230.083
"Developing Asia and Oceania",1975,2073852.755,2173140776.04966,4386257.28029571,2018.39536979701,0.954311279718313,26430082.838
"Developing Asia and Oceania",1976,2224178.592,2215775318.83163,4561740.94344146,2058.75609529167,1.00379247530061,28654261.43
"Developing Asia and Oceania",1977,2413501.48,2259026589.4005,4834557.76458041,2140.1066225889,1.06838117414125,31067762.91
"Developing Asia and Oceania",1978,2599482.689,2302615800.0272,5158549.18969743,2240.29957131211,1.12892593239797,33667245.599
"Developing Asia and Oceania",1979,2706932.431,2349314366.33546,5342894.84713922,2274.23580415645,1.15222231208775,36374178.03
"Developing Asia and Oceania",1980,3136559.528,2450720134.88699,6070005.20735615,2476.82512619339,1.27985218848526,39510737.558
"Developing Asia and Oceania",1981,3127574.775,2495466828.2529,6300656.96641608,2524.84100172441,1.25330248416472,42638312.333
"Developing Asia and Oceania",1982,3299615.124,2537016870.8349,6618905.14223359,2608.93225359411,1.30058856207532,45937927.457
"Developing Asia and Oceania",1983,3482911.833,2594791042.72285,6993526.28086629,2695.21752068622,1.34227063977575,49420839.29
"Developing Asia and Oceania",1984,3670079.584,2644670411.61865,7429531.08947455,2809.24649696798,1.38772663991569,53090918.874
"Developing Asia and Oceania",1985,3962866.05,2695626858.43917,7781704.66706919,2886.78851922961,1.47010927628707,57053784.924
"Developing Asia and Oceania",1986,4170114.579,2747872417.27093,8113008.71108834,2952.46921221541,1.51757940171822,61223899.503
"Developing Asia and Oceania",1987,4385376.211,2802424173.26381,8608290.1235082,3071.72989929025,1.56485097896248,65609275.714
"Developing Asia and Oceania",1988,4708850.136,2857610524.75897,9116400.62165992,3190.21803099947,1.64782782510124,70318125.85
"Developing Asia and Oceania",1989,4856958.505,2912689270.31468,9419591.60014262,3233.98437867867,1.66751687332417,75175084.355
"Developing Asia and Oceania",1990,5106431.742,2990176643,9830694.43571217,3287.66344246779,1.7077358135193,80281516.097
"Developing Asia and Oceania",1991,5381536.71,3043186510,10191071.4866998,3348.81593790314,1.76838872422578,85663052.807
"Developing Asia and Oceania",1992,5661842.55,3095755370,10777542.6516167,3481.39350933814,1.82890502423646,91324895.357
"Developing Asia and Oceania",1993,6028432.73,3149482590,11546167.7926247,3666.05226816786,1.91410257327379,97353328.087
"Developing Asia and Oceania",1994,6299962.057,3201012900,12190155.8970183,3808.21829772017,1.96811517285669,103653290.144
"Developing Asia and Oceania",1995,6577716.595,3252197800,13046737.9103506,4011.66802042317,2.02254506014364,110231006.739
"Developing Asia and Oceania",1996,6864353.926,3303755750,13944525.8352382,4220.81015984254,2.07774255890436,117095360.665
"Developing Asia and Oceania",1997,6964745.799,3354359340,14519038.5999332,4328.40883407954,2.07632668210198,124060106.464
"Developing Asia and Oceania",1998,6826714.09,3403588170,14674710.7277064,4311.54123082594,2.0057403390258,130886820.554
"Developing Asia and Oceania",1999,7237906.085,3451776040,15265193.5522656,4422.41714855452,2.09686433914757,138124726.639
"Developing Asia and Oceania",2000,7557538.766,3499856520,16213873.8556695,4632.72530259883,2.15938531274419,145682265.405
"Developing Asia and Oceania",2001,7715499.81,3547418160,16950292.521074,4778.20537544805,2.17496203210506,153397765.215
"Developing Asia and Oceania",2002,8191212.501,3594270170,17994562.543145,5006.45797117277,2.27896404932743,161588977.716
"Developing Asia and Oceania",2003,9178040.702,3640446650,19238633.8274214,5284.69050011252,2.52113039535959,170767018.418
"Developing Asia and Oceania",2004,9838997.439,3686006310,20849243.5351384,5656.3233433907,2.66928393809505,180606015.857
"Developing Asia and Oceania",2005,10673755.584,3730997530,22588569.040328,6054.29750588123,2.86083158677406,191279771.441
"Developing Asia and Oceania",2006,11546796.507,3775935760,24600933.9198005,6515.18867995797,3.05799601500636,202826567.948
"Developing Asia and Oceania",2007,12190544.691,3820558540,26674242.4007978,6981.76513238239,3.19077552754891,215017112.639
"Developing Asia and Oceania",2008,12983379.346,3865149680,28085912.7125932,7266.44891863364,3.35908837196701,228000491.985
"Developing Asia and Oceania",2009,13569918.292,3909049710,29547519.8618721,7558.74753556719,3.47141103304107,241570410.277
"Developing Asia and Oceania",2010,14608510.368,3952305990,32251817.067057,8160.25306458041,3.6961992327927,256178920.645
"Developing Asia and Oceania",2011,15745958.427,3997214320,34425181.4410692,8612.29313345129,3.93923296737314,271924879.072
"Developing Asia and Oceania",2012,16379212.849,4043258590,36527687.9837701,9034.22009022928,4.05099314931524,288304091.921
"Developing Asia and Oceania",2013,16611258.666,4087374610,38709541.7594047,9470.51480544494,4.06404116357713,304915350.587
"Developing Asia and Oceania",2014,16992275.098,4132495480,41064942.1359165,9937.08095620628,4.11186780003447,321907625.685
"Developing Asia and Oceania",2015,17181243.912,4174228700,43433889.1417748,10405.24903242,4.11602840831409,339088869.597
"Developing Asia and Oceania",2016,17330293.647,4217387010,46128024.586293,10937.5839772156,4.10924906960341,356419163.244
"Developing Asia and Oceania",2017,17858822.887,4259035817.33777,48725156.8808854,11440.4196091834,4.19316100003197,374277986.131
"Developing Asia and Oceania",2018,18514906.482,4298644537.76767,51469999.2639296,11973.541615669,4.30714992117376,392792892.613
"Developing Asia and Oceania",2019,19030302.507,4338199483.03726,53745279.6662483,12388.8446984508,4.38668221261152,411823195.12
"Developing Asia and Oceania",2020,18811129.487,4374864729.74485,53168097.5318423,12153.0837674479,4.29981968564708,430634324.607
"Developing Asia and Oceania",2021,19689124.678,4405752067.84834,57008120.6046671,12939.475423661,4.46895884625112,450323449.285
"Developing Asia and Oceania",2022,20046576.898,4433251486.9913,59510658.7455429,13423.704682707,4.52186774353398,470370026.183
"Latin America and the Caribbean",1750,0,0,0,13294.160422889,4.47446931790947,0
"Latin America and the Caribbean",1751,0,0,0,13164.6161630711,4.42707089228496,0
"Latin America and the Caribbean",1752,0,0,0,13035.0719032531,4.37967246666045,0
"Latin America and the Caribbean",1753,0,0,0,12905.5276434351,4.33227404103593,0
"Latin America and the Caribbean",1754,0,0,0,12775.9833836172,4.28487561541142,0
"Latin America and the Caribbean",1755,0,0,0,12646.4391237992,4.23747718978691,0
"Latin America and the Caribbean",1756,0,0,0,12516.8948639812,4.1900787641624,0
"Latin America and the Caribbean",1757,0,0,0,12387.3506041633,4.14268033853789,0
"Latin America and the Caribbean",1758,0,0,0,12257.8063443453,4.09528191291337,0
"Latin America and the Caribbean",1759,0,0,0,12128.2620845273,4.04788348728886,0
"Latin America and the Caribbean",1760,0,0,0,11998.7178247094,4.00048506166435,0
"Latin America and the Caribbean",1761,0,0,0,11869.1735648914,3.95308663603984,0
"Latin America and the Caribbean",1762,0,0,0,11739.6293050734,3.90568821041533,0
"Latin America and the Caribbean",1763,0,0,0,11610.0850452554,3.85828978479081,0
"Latin America and the Caribbean",1764,0,0,0,11480.5407854375,3.8108913591663,0
"Latin America and the Caribbean",1765,0,0,0,11350.9965256195,3.76349293354179,0
"Latin America and the Caribbean",1766,0,0,0,11221.4522658015,3.71609450791728,0
"Latin America and the Caribbean",1767,0,0,0,11091.9080059836,3.66869608229277,0
"Latin America and the Caribbean",1768,0,0,0,10962.3637461656,3.62129765666826,0
"Latin America and the Caribbean",1769,0,0,0,10832.8194863476,3.57389923104374,0
"Latin America and the Caribbean",1770,0,0,0,10703.2752265297,3.52650080541923,0
"Latin America and the Caribbean",1771,0,0,0,10573.7309667117,3.47910237979472,0
"Latin America and the Caribbean",1772,0,0,0,10444.1867068937,3.43170395417021,0
"Latin America and the Caribbean",1773,0,0,0,10314.6424470758,3.3843055285457,0
"Latin America and the Caribbean",1774,0,0,0,10185.0981872578,3.33690710292118,0
"Latin America and the Caribbean",1775,0,0,0,10055.5539274398,3.28950867729667,0
"Latin America and the Caribbean",1776,0,0,0,9926.00966762186,3.24211025167216,0
"Latin America and the Caribbean",1777,0,0,0,9796.46540780389,3.19471182604765,0
"Latin America and the Caribbean",1778,0,0,0,9666.92114798592,3.14731340042314,0
"Latin America and the Caribbean",1779,0,0,0,9537.37688816795,3.09991497479862,0
"Latin America and the Caribbean",1780,0,0,0,9407.83262834998,3.05251654917411,0
"Latin America and the Caribbean",1781,0,0,0,9278.28836853201,3.0051181235496,0
"Latin America and the Caribbean",1782,0,0,0,9148.74410871405,2.95771969792509,0
"Latin America and the Caribbean",1783,0,0,0,9019.19984889608,2.91032127230058,0
"Latin America and the Caribbean",1784,0,0,0,8889.65558907811,2.86292284667606,0
"Latin America and the Caribbean",1785,0,0,0,8760.11132926014,2.81552442105155,0
"Latin America and the Caribbean",1786,0,0,0,8630.56706944217,2.76812599542704,0
"Latin America and the Caribbean",1787,0,0,0,8501.0228096242,2.72072756980253,0
"Latin America and the Caribbean",1788,0,0,0,8371.47854980623,2.67332914417802,0
"Latin America and the Caribbean",1789,0,0,0,8241.93428998826,2.6259307185535,0
"Latin America and the Caribbean",1790,0,0,0,8112.3900301703,2.57853229292899,0
"Latin America and the Caribbean",1791,0,0,0,7982.84577035233,2.53113386730448,0
"Latin America and the Caribbean",1792,0,0,0,7853.30151053436,2.48373544167997,0
"Latin America and the Caribbean",1793,0,0,0,7723.75725071639,2.43633701605546,0
"Latin America and the Caribbean",1794,0,0,0,7594.21299089842,2.38893859043095,0
"Latin America and the Caribbean",1795,0,0,0,7464.66873108045,2.34154016480643,0
"Latin America and the Caribbean",1796,0,0,0,7335.12447126249,2.29414173918192,0
"Latin America and the Caribbean",1797,0,0,0,7205.58021144452,2.24674331355741,0
"Latin America and the Caribbean",1798,0,0,0,7076.03595162655,2.1993448879329,0
"Latin America and the Caribbean",1799,0,0,0,6946.49169180858,2.15194646230839,0
"Latin America and the Caribbean",1800,0,0,0,6816.94743199061,2.10454803668387,0
"Latin America and the Caribbean",1801,0,0,0,6687.40317217264,2.05714961105936,0
"Latin America and the Caribbean",1802,0,0,0,6557.85891235468,2.00975118543485,0
"Latin America and the Caribbean",1803,0,0,0,6428.31465253671,1.96235275981034,0
"Latin America and the Caribbean",1804,0,0,0,6298.77039271874,1.91495433418583,0
"Latin America and the Caribbean",1805,0,0,0,6169.22613290077,1.86755590856131,0
"Latin America and the Caribbean",1806,0,0,0,6039.6818730828,1.8201574829368,0
"Latin America and the Caribbean",1807,0,0,0,5910.13761326483,1.77275905731229,0
"Latin America and the Caribbean",1808,0,0,0,5780.59335344686,1.72536063168778,0
"Latin America and the Caribbean",1809,0,0,0,5651.0490936289,1.67796220606327,0
"Latin America and the Caribbean",1810,0,0,0,5521.50483381093,1.63056378043875,0
"Latin America and the Caribbean",1811,0,0,0,5391.96057399296,1.58316535481424,0
"Latin America and the Caribbean",1812,0,0,0,5262.41631417499,1.53576692918973,0
"Latin America and the Caribbean",1813,0,0,0,5132.87205435702,1.48836850356522,0
"Latin America and the Caribbean",1814,0,0,0,5003.32779453905,1.44097007794071,0
"Latin America and the Caribbean",1815,0,0,0,4873.78353472109,1.3935716523162,0
"Latin America and the Caribbean",1816,0,0,0,4744.23927490312,1.34617322669168,0
"Latin America and the Caribbean",1817,0,0,0,4614.69501508515,1.29877480106717,0
"Latin America and the Caribbean",1818,0,0,0,4485.15075526718,1.25137637544266,0
"Latin America and the Caribbean",1819,0,0,0,4355.60649544921,1.20397794981815,0
"Latin America and the Caribbean",1820,0,0,0,4226.06223563124,1.15657952419364,0
"Latin America and the Caribbean",1821,0,0,0,4096.51797581327,1.10918109856912,0
"Latin America and the Caribbean",1822,0,0,0,3966.97371599531,1.06178267294461,0
"Latin America and the Caribbean",1823,0,0,0,3837.42945617734,1.0143842473201,0
"Latin America and the Caribbean",1824,0,0,0,3707.88519635937,0.966985821695588,0
"Latin America and the Caribbean",1825,0,0,0,3578.3409365414,0.919587396071076,0
"Latin America and the Caribbean",1826,0,0,0,3448.79667672343,0.872188970446564,0
"Latin America and the Caribbean",1827,0,0,0,3319.25241690546,0.824790544822052,0
"Latin America and the Caribbean",1828,0,0,0,3189.70815708749,0.777392119197541,0
"Latin America and the Caribbean",1829,0,0,0,3060.16389726953,0.729993693573029,0
"Latin America and the Caribbean",1830,0,0,0,2930.61963745156,0.682595267948517,0
"Latin America and the Caribbean",1831,0,0,0,2801.07537763359,0.635196842324005,0
"Latin America and the Caribbean",1832,0,0,0,2671.53111781562,0.587798416699493,0
"Latin America and the Caribbean",1833,0,0,0,2541.98685799765,0.540399991074981,0
"Latin America and the Caribbean",1834,0,0,0,2412.44259817968,0.493001565450469,0
"Latin America and the Caribbean",1835,0,0,0,2282.89833836172,0.445603139825957,0
"Latin America and the Caribbean",1836,0,0,0,2153.35407854375,0.398204714201445,0
"Latin America and the Caribbean",1837,0,0,0,2023.80981872578,0.350806288576933,0
"Latin America and the Caribbean",1838,0,0,0,1894.26555890781,0.303407862952422,0
"Latin America and the Caribbean",1839,0,0,0,1764.72129908984,0.25600943732791,0
"Latin America and the Caribbean",1840,0,0,0,1635.17703927187,0.208611011703398,0
"Latin America and the Caribbean",1841,0,0,0,1505.6327794539,0.161212586078886,0
"Latin America and the Caribbean",1842,0,0,0,1376.08851963594,0.113814160454374,0
"Latin America and the Caribbean",1843,0,0,0,1246.54425981797,0.066415734829862,0
"Latin America and the Caribbean",1844,24.171,1271000,1419.707,1117,0.0190173092053501,24.171
"Latin America and the Caribbean",1845,36.046,1293000,1475.313,1141,0.0278778035576179,60.217
"Latin America and the Caribbean",1846,45.661,1316000,1539.72,1170,0.0346968085106383,105.878
"Latin America and the Caribbean",1847,55.846,1339000,1584.037,1183,0.0417072442120986,161.724
"Latin America and the Caribbean",1848,63.594,1363000,1672.401,1227,0.0466573734409391,225.318
"Latin America and the Caribbean",1849,116.034,1386000,1799.028,1298,0.0837186147186147,341.352
"Latin America and the Caribbean",1850,94.126,1410000,1906.32,1352,0.0667560283687943,435.478
"Latin America and the Caribbean",1851,110.448,1434000,1996.128,1392,0.077020920502092,545.926
"Latin America and the Caribbean",1852,180.875,1458000,2047.032,1404,0.124056927297668,726.801
"Latin America and the Caribbean",1853,116.529,1482000,2021.448,1364,0.0786295546558704,843.33
"Latin America and the Caribbean",1854,5.389,1507000,2090.209,1387,0.00357597876575979,848.719
"Latin America and the Caribbean",1855,150.9,1532000,2183.1,1425,0.0984986945169713,999.619
"Latin America and the Caribbean",1856,219.547,1557000,2221.839,1427,0.141006422607579,1219.166
"Latin America and the Caribbean",1857,444.021,1582000,2312.884,1462,0.280670670037927,1663.187
"Latin America and the Caribbean",1858,451.477,1608000,2432.904,1513,0.280769278606965,2114.664
"Latin America and the Caribbean",1859,251.989,1634000,2547.406,1559,0.154216034271726,2366.653
"Latin America and the Caribbean",1860,421.345,1661000,2637.668,1588,0.253669476219145,2787.998
"Latin America and the Caribbean",1861,296.637,1687000,2657.025,1575,0.175836988737404,3084.635
"Latin America and the Caribbean",1862,293.752,1715000,2663.395,1553,0.171283965014577,3378.387
"Latin America and the Caribbean",1863,253.818,1742000,2780.232,1596,0.145704936854191,3632.205
"Latin America and the Caribbean",1864,393.771,1770000,2950.59,1667,0.222469491525424,4025.976
"Latin America and the Caribbean",1865,401.945,1798000,3074.58,1710,0.223551167964405,4427.921
"Latin America and the Caribbean",1866,550.955,1827000,3197.25,1750,0.30156267104543,4978.876
"Latin America and the Caribbean",1867,887.164,1856000,3092.096,1666,0.477997844827586,5866.04
"Latin America and the Caribbean",1868,686.6,1885000,3230.89,1714,0.364244031830239,6552.64
"Latin America and the Caribbean",1869,720.64,1915000,3540.835,1849,0.376313315926893,7273.28
"Latin America and the Caribbean",1870,657.251,1945000,3633.26,1868,0.337918251928021,7930.531
"Latin America and the Caribbean",1871,580.95,1975000,3626.1,1836,0.294151898734177,8511.481
"Latin America and the Caribbean",1872,1027.092,2006000,3831.46,1910,0.512009970089731,9538.573
"Latin America and the Caribbean",1873,1257.85,2037000,4122.888,2024,0.617501227295042,10796.423
"Latin America and the Caribbean",1874,1644.514,2068000,4040.872,1954,0.795219535783366,12440.937
"Latin America and the Caribbean",1875,1467.963,2100000,4305,2050,0.69903,13908.9
"Latin America and the Caribbean",1876,1597.486,2132000,4238.416,1988,0.749289868667917,15506.386
"Latin America and the Caribbean",1877,1351.934,2165000,4130.82,1908,0.624449884526559,16858.32
"Latin America and the Caribbean",1878,1258.358,2198000,4292.694,1953,0.572501364877161,18116.678
"Latin America and the Caribbean",1879,1384.135,2231000,4950.589,2219,0.620410129986553,19500.813
"Latin America and the Caribbean",1880,1746.37,2264000,5474.352,2418,0.771364840989399,21247.183
"Latin America and the Caribbean",1881,1756.87,2298000,5717.424,2488,0.764521322889469,23004.053
"Latin America and the Caribbean",1882,1874.541,2331000,6279.714,2694,0.804178893178893,24878.594
"Latin America and the Caribbean",1883,1655.05,2365000,6345.295,2683,0.699809725158562,26533.644
"Latin America and the Caribbean",1884,1709.65,2400000,6487.2,2703,0.712354166666667,28243.294
"Latin America and the Caribbean",1885,1756.426,2434000,6199.398,2547,0.721621199671323,29999.72
"Latin America and the Caribbean",1886,1598.483,2469000,6481.125,2625,0.647421223167274,31598.203
"Latin America and the Caribbean",1887,1555.956,2503000,6965.849,2783,0.621636436276468,33154.159
"Latin America and the Caribbean",1888,2285.814,2538000,6641.946,2617,0.900635933806147,35439.973
"Latin America and the Caribbean",1889,2125.398,2573000,6967.684,2708,0.826038865137971,37565.371
"Latin America and the Caribbean",1890,2076.639,2608000,7581.456,2907,0.796257285276074,39642.01
"Latin America and the Caribbean",1891,2482.095,2643000,8029.434,3038,0.939120317820658,42124.105
"Latin America and the Caribbean",1892,2021.278,2678000,8047.39,3005,0.7547714712472,44145.383
"Latin America and the Caribbean",1893,2144.114,2713000,8366.892,3084,0.790311094729082,46289.497
"Latin America and the Caribbean",1894,3076.572,2748000,8183.544,2978,1.11956768558952,49366.069
"Latin America and the Caribbean",1895,2950.379,2783000,9195.032,3304,1.06014337046353,52316.448
"Latin America and the Caribbean",1896,3237.778,2818000,9522.022,3379,1.14896309439319,55554.226
"Latin America and the Caribbean",1897,2715.759,2853000,9158.13,3210,0.951895899053628,58269.985
"Latin America and the Caribbean",1898,3032.155,2889000,10426.401,3609,1.04955174800969,61302.14
"Latin America and the Caribbean",1899,3052.981,2924000,10137.508,3467,1.04411114911081,64355.121
"Latin America and the Caribbean",1900,3003.337,2959000,10019.174,3386,1.01498377830348,67358.458
"Latin America and the Caribbean",1901,3194.964,2994000,10227.504,3416,1.06712224448898,70553.422
"Latin America and the Caribbean",1902,2960.128,3029000,10916.516,3604,0.977262462859029,73513.55
"Latin America and the Caribbean",1903,3155.355,3065000,10362.765,3381,1.02947960848287,76668.905
"Latin America and the Caribbean",1904,2919.425,3100000,11305.7,3647,0.94175,79588.33
"Latin America and the Caribbean",1905,3790.328,3136000,10881.92,3470,1.20865051020408,83378.658
"Latin America and the Caribbean",1906,3792.37,3172000,11634.896,3668,1.19557692307692,87171.028
"Latin America and the Caribbean",1907,5329.952,3208000,12222.48,3810,1.66145635910224,92500.98
"Latin America and the Caribbean",1908,4990.731,3244000,13040.88,4020,1.53844975339088,97491.711
"Latin America and the Caribbean",1909,5033.099,3280000,13257.76,4042,1.53448140243902,102524.81
"Latin America and the Caribbean",1910,5027.652,3317000,14876.745,4485,1.51572264094061,107552.462
"Latin America and the Caribbean",1911,5894.459,3354000,15029.274,4481,1.75744156231366,113446.921
"Latin America and the Caribbean",1912,6669.816,3392000,16301.952,4806,1.96633726415094,120116.737
"Latin America and the Caribbean",1913,6512.299,3431000,16592.316,4836,1.89807607111629,126629.036
"Latin America and the Caribbean",1914,5163.258,3470000,14126.37,4071,1.48797060518732,131792.294
"Latin America and the Caribbean",1915,3595.898,3509000,13379.817,3813,1.02476432031918,135388.192
"Latin America and the Caribbean",1916,4366.451,3550000,16330,4600,1.2299861971831,139754.643
"Latin America and the Caribbean",1917,4483.332,3592000,16598.632,4621,1.24814365256125,144237.975
"Latin America and the Caribbean",1918,4017.441,3634000,16723.668,4602,1.10551485965878,148255.416
"Latin America and the Caribbean",1919,3592.072,3678000,14171.334,3853,0.976637302882001,151847.488
"Latin America and the Caribbean",1920,2894.949,3723000,15815.304,4248,0.777585012087027,154742.437
"Latin America and the Caribbean",1921,3904.677,3769000,14047.063,3727,1.03599814274343,158647.114
"Latin America and the Caribbean",1922,2449.184,3817000,14558.038,3814,0.641651558815824,161096.298
"Latin America and the Caribbean",1923,2775.124,3866000,17451.124,4514,0.717828246249353,163871.422
"Latin America and the Caribbean",1924,3993.635,3917000,18719.343,4779,1.01956471789635,167865.057
"Latin America and the Caribbean",1925,3835.62,3970000,19464.91,4903,0.96615113350126,171700.677
"Latin America and the Caribbean",1926,3743.749,4025000,18925.55,4702,0.93012397515528,175444.426
"Latin America and the Caribbean",1927,3697.813,4081000,18544.064,4544,0.906104631217839,179142.239
"Latin America and the Caribbean",1928,3472.942,4140000,23221.26,5609,0.838874879227053,182615.181
"Latin America and the Caribbean",1929,3831.68,4202000,23863.158,5679,0.911870537839124,186446.861
"Latin America and the Caribbean",1930,3532.702,4266000,20801.016,4876,0.828106422878575,189979.563
"Latin America and the Caribbean",1931,2730.455,4332000,16912.128,3904,0.630298938134811,192710.018
"Latin America and the Caribbean",1932,2638.391,4401000,12982.95,2950,0.599498068620768,195348.409
"Latin America and the Caribbean",1933,3548.672,4473000,16183.314,3618,0.793353901184887,198897.081
"Latin America and the Caribbean",1934,4155.498,4548000,19415.412,4269,0.913697889182058,203052.579
"Latin America and the Caribbean",1935,4180.139,4625000,20863.375,4511,0.903813837837838,207232.718
"Latin America and the Caribbean",1936,4579.226,4706000,21572.304,4584,0.973061198470038,211811.944
"Latin America and the Caribbean",1937,4998.65,4789000,24342.487,5083,1.04377740655669,216810.594
"Latin America and the Caribbean",1938,5070.026,4875000,24716.25,5070,1.04000533333333,221880.62
"Latin America and the Caribbean",1939,4668.863,4964000,25346.184,5106,0.940544520547945,226549.483
"Latin America and the Caribbean",1940,5402.67,5056000,26174.912,5177,1.06856606012658,231952.153
"Latin America and the Caribbean",1941,5269.272,5151000,26223.741,5091,1.02296097845079,237221.425
"Latin America and the Caribbean",1942,5326.383,5248000,27084.928,5161,1.01493578506098,242547.808
"Latin America and the Caribbean",1943,5582.778,5348000,27857.732,5209,1.04390014958863,248130.586
"Latin America and the Caribbean",1944,5479.811,5449000,28383.841,5209,1.00565443200587,253610.397
"Latin America and the Caribbean",1945,5233.465,5552000,30830.256,5553,0.942626981268011,258843.862
"Latin America and the Caribbean",1946,5259.635,5656000,33472.208,5918,0.929921322489392,264103.497
"Latin America and the Caribbean",1947,5450.451,5761000,29882.307,5187,0.946094601631661,269553.948
"Latin America and the Caribbean",1948,5754.76,5865000,34832.235,5939,0.981203751065644,275308.708
"Latin America and the Caribbean",1949,5184.088,5969000,34082.99,5710,0.868501926620875,280492.796
"Latin America and the Caribbean",1950,154443.933,161948238,596421.136132,3682.78867061215,0.953662323884005,434936.729
"Latin America and the Caribbean",1951,178146.565,166421104,629628.47919,3783.34516510598,1.07045657502669,613083.294
"Latin America and the Caribbean",1952,191337.094,170955326,651081.925711,3808.49161558734,1.1192227728547,804420.388
"Latin America and the Caribbean",1953,190090.257,175629987,677771.735928,3859.0889147421,1.08233371901348,994510.645
"Latin America and the Caribbean",1954,199993.525,180477625,718083.96182,3978.79771423189,1.10813473415333,1194504.17
"Latin America and the Caribbean",1955,223976.706,185511277,768330.653911,4141.69244229288,1.20734819802895,1418480.876
"Latin America and the Caribbean",1956,240241.255,190731129,803757.731329,4214.087839479,1.25958073157528,1658722.131
"Latin America and the Caribbean",1957,264543.566,196134099,858600.272533,4377.61856255806,1.34878925872038,1923265.697
"Latin America and the Caribbean",1958,260591.651,201724442,906166.525479,4492.10079103354,1.29181991243282,2183857.348
"Latin America and the Caribbean",1959,280763.628,207537374,930757.123706,4484.76872269763,1.35283405869827,2464620.976
"Latin America and the Caribbean",1960,284955.341,213536086,1001471.414635,4689.93992254312,1.33445988609157,2749576.317
"Latin America and the Caribbean",1961,291152.936,219584276,1063432.386008,4842.93504698852,1.32592798220215,3040729.253
"Latin America and the Caribbean",1962,308667.195,225804676,1111885.126899,4924.10142515826,1.36696546974962,3349396.448
"Latin America and the Caribbean",1963,309329.356,232217631,1146709.557836,4938.08137176285,1.33206662503589,3658725.804
"Latin America and the Caribbean",1964,334075.91,238820512,1231350.795046,5155.96748677099,1.39885769108476,3992801.714
"Latin America and the Caribbean",1965,345175.075,245520126,1294559.715923,5272.72340974198,1.40589319752956,4337976.789
"Latin America and the Caribbean",1966,363037.319,252301069,1362293.762941,5399.4767772506,1.43890519544331,4701014.108
"Latin America and the Caribbean",1967,388796.703,259166677,1421728.271726,5485.76803230764,1.50018014468735,5089810.811
"Latin America and the Caribbean",1968,414662.76,266150574,1509572.355322,5671.87337842074,1.55800062260997,5504473.571
"Latin America and the Caribbean",1969,448589.14,273259258,1611125.73741,5895.96030232213,1.64162467278602,5953062.711
"Latin America and the Caribbean",1970,495197.362,280522347,1726644.038501,6155.10335260741,1.76526885396407,6448260.073
"Latin America and the Caribbean",1971,518355.183,287808048,1835736.523067,6378.33631068927,1.80104478176371,6966615.256
"Latin America and the Caribbean",1972,544564.427,295150386,1960390.554389,6642.00572784953,1.84504053808014,7511179.683
"Latin America and the Caribbean",1973,593352.747,302585526,2123092.4691,7016.50372100085,1.96094226595624,8104532.43
"Latin America and the Caribbean",1974,629561.554,309654702,2255796.33415,7284.8767339241,2.03310832980666,8734093.984
"Latin America and the Caribbean",1975,639183.97,317153244,2335601.675082,7364.26859654634,2.01537894406655,9373277.954
"Latin America and the Caribbean",1976,672536.761,324636836,2471267.424207,7612.40608014982,2.0716588089221,10045814.715
"Latin America and the Caribbean",1977,700345.224,332236255,2588856.617199,7792.21586518004,2.10797350818923,10746159.939
"Latin America and the Caribbean",1978,758711.743,339867381,2701911.366139,7949.89904058783,2.23237587781335,11504871.682
"Latin America and the Caribbean",1979,812670.862,347614067,2873615.72991,8266.68424183766,2.33785378426587,12317542.544
"Latin America and the Caribbean",1980,852903.964,355294122,3045402.351627,8571.49658002786,2.40055748515873,13170446.508
"Latin America and the Caribbean",1981,849954.552,363137041,3062024.613909,8432.14618227007,2.34058896789876,14020401.06
"Latin America and the Caribbean",1982,873135.196,371374885,3038707.695341,8182.31877834442,2.35108843184159,14893536.256
"Latin America and the Caribbean",1983,838492.08,379574454,2965439.320852,7812.53661726139,2.20903190708403,15732028.336
"Latin America and the Caribbean",1984,843221.257,387606405,3074295.485234,7931.48783295777,2.1754574901826,16575249.593
"Latin America and the Caribbean",1985,867974.921,395579287,3160680.265943,7990.00445628236,2.19418697976469,17443224.514
"Latin America and the Caribbean",1986,900889.538,403793964,3292164.062906,8153.07893732161,2.23106241875374,18344114.052
"Latin America and the Caribbean",1987,945543.318,412167712,3396933.361198,8241.628983296,2.29407420928692,19289657.37
"Latin America and the Caribbean",1988,967458.959,420555101,3429794.347693,8155.39828083788,2.30043330041549,20257116.329
"Latin America and the Caribbean",1989,987282.847,428767995,3469497.000264,8091.78166449667,2.30260387555279,21244399.176
"Latin America and the Caribbean",1990,996518.871,436792389,3487360.403365,7984.02282454835,2.28144742467113,22240918.047
"Latin America and the Caribbean",1991,1016755.027,445297863,3646195.37971171,8188.21665827691,2.28331440925869,23257673.074
"Latin America and the Caribbean",1992,1030976.725,453739810,3793206.28844456,8359.87102045235,2.27217604071373,24288649.799
"Latin America and the Caribbean",1993,1069403.514,456606132,3937877.02449385,8624.23158279847,2.34206997903392,25358053.313
"Latin America and the Caribbean",1994,1089431.636,464361385,4150982.72636749,8939.12125438141,2.34608576679992,26447484.949
"Latin America and the Caribbean",1995,1108410.992,472029360,4233397.29065277,8968.50418510572,2.34818230798186,27555895.941
"Latin America and the Caribbean",1996,1155288.629,479572778,4411526.91026154,9198.86847760474,2.40899542675877,28711184.57
"Latin America and the Caribbean",1997,1229465.619,487052458,4678097.15077129,9604.91436585932,2.52429815065218,29940650.189
"Latin America and the Caribbean",1998,1312123.632,494453744,4819515.12059407,9747.15062647816,2.65368327760099,31252773.821
"Latin America and the Caribbean",1999,1306608.415,501722437,4860745.97000742,9688.11759560081,2.60424553227625,32559382.236
"Latin America and the Caribbean",2000,1318106.784,508877418,5090550.6832271,10003.4910238974,2.59022455580845,33877489.02
"Latin America and the Caribbean",2001,1318494.251,515834722,5166296.02294064,10015.4095926498,2.55604013217241,35195983.271
"Latin America and the Caribbean",2002,1354774.961,522731339,5224805.56734218,9995.20246353964,2.59172324274975,36550758.232
"Latin America and the Caribbean",2003,1387650.364,529583678,5368144.53881414,10136.5369852168,2.6202664878958,37938408.596
"Latin America and the Caribbean",2004,1423155.215,536358907,5740309.58553474,10702.366476287,2.65336362727728,39361563.811
"Latin America and the Caribbean",2005,1481561.55,543075472,6049952.14658405,11140.1682795647,2.72809512928988,40843125.361
"Latin America and the Caribbean",2006,1530359.705,549667726,6441377.04286595,11718.6742793517,2.78415419463794,42373485.066
"Latin America and the Caribbean",2007,1567770.883,556323098,6869117.7486188,12347.3531358189,2.81809417699209,43941255.949
"Latin America and the Caribbean",2008,1610709.169,563015834,7198612.63460756,12785.8084975414,2.86085944964738,45551965.118
"Latin America and the Caribbean",2009,1569189.826,569565724,7116367.30836856,12494.3742372541,2.75506365618307,47121154.944
"Latin America and the Caribbean",2010,1685100.834,575967253,7619032.39075425,13228.2388470343,2.92568861375874,48806255.778
"Latin America and the Caribbean",2011,1727200.875,582108603,8031956.385557,13798.0375898293,2.96714541942614,50533456.653
"Latin America and the Caribbean",2012,1799733.688,588228011,8259534.03846837,14041.3817159557,3.05958515124163,52333190.341
"Latin America and the Caribbean",2013,1858724.025,594264957,8502413.21253454,14307.4450417822,3.12776986612724,54191914.366
"Latin America and the Caribbean",2014,1869246.357,600491048,8608139.37453616,14335.1668658617,3.11286298642707,56061160.723
"Latin America and the Caribbean",2015,1836323.71,606404503,8615849.31398668,14208.0892726924,3.02821582114802,57897484.433
"Latin America and the Caribbean",2016,1788963.354,610468705,8518561.63314844,13954.1332149835,2.93047512402786,59686447.787
"Latin America and the Caribbean",2017,1755324.564,616126888,8618157.34976705,13987.633907266,2.84896601363711,61441772.351
"Latin America and the Caribbean",2018,1694551.903,621719244,8701987.63694331,13996.6515769348,2.72559023924953,63136324.254
"Latin America and the Caribbean",2019,1699650.786,627887408.13522,8695071.28856126,13848.1377009693,2.70693561294347,64835975.04
"Latin America and the Caribbean",2020,1543534.849,634284394.07512,8092444.2630136,12758.3846277876,2.43350595319423,66379509.889
"Latin America and the Caribbean",2021,1701216.76,639911149.126983,8643492.02301046,13507.3315018852,2.65852026851061,68080726.649
"Latin America and the Caribbean",2022,1743427.549,643962942.423577,8964927.45453895,13921.4958873241,2.7073414231548,69824154.198
